IDBASE;TYPE EMPLACEMENT;DOMANIALITE;ARRONDISSEMENT;COMPLEMENT ADRESSE;NUMERO;LIEU / ADRESSE;IDEMPLACEMENT;LIBELLE FRANCAIS;GENRE;ESPECE;VARIETE OUCULTIVAR;CIRCONFERENCE (cm);HAUTEUR (m);STADE DE DEVELOPPEMENT;REMARQUABLE;geo_point_2d
2021550;Arbre;DASCO;PARIS 19E ARRDT;;;ECOLE ELEMENTAIRE / 160 AVENUE JEAN JAURES;093104004;Pommier à fruits;Malus;domestica;''King of the Pippins'';20;1;;NON;48.88697765041906,2.3883353496378836
2026925;Arbre;PERIPHERIQUE;PARIS 19E ARRDT;;;TALUS N°27-01;092701007;Micocoulier;Celtis;australis;;30;4;Jeune (arbre);NON;48.885428089669254,2.397391204940794
138333;Arbre;Jardin;PARIS 17E ARRDT;;;JARDIN CLAIRE MOTTE;00000014;Arbre à caramel;Cercidiphyllum;japonicum;;42;7;Jeune (arbre)Adulte;NON;48.891510540930696,2.3046085563255123
168351;Arbre;CIMETIERE;SEINE-SAINT-DENIS;;;CIMETIERE DE PANTIN / AVENUE DES PETITS PONTS / DIV F162;A0760F162039;Tilleul;Tilia;americana;;0;0;;;48.90507415342829,2.4201550396189604
168581;Arbre;CIMETIERE;HAUTS-DE-SEINE;;;CIMETIERE DE BAGNEUX / AVENUE DE MONTROUGE / DIV 9;A03500009004;Tilleul;Tilia;n. sp.;;150;15;;;48.81019986156291,2.3121289431117504
205331;Arbre;Alignement;PARIS 16E ARRDT;3;;AVENUE DE LA PORTE D AUTEUIL;000101056;Marronnier;Aesculus;x carnea;''Briotii'';50;5;Jeune (arbre);NON;48.8479111661861,2.2523078753750196
216390;Arbre;Alignement;PARIS 12E ARRDT;47 (face);;RUE DES MEUNIERS;000802003;Charme-Houblon;Ostrya;carpinifolia;;80;5;Adulte;NON;48.83534118720469,2.3952976681707794
121480;Arbre;Jardin;PARIS 14E ARRDT;;;SQUARE DU SERMENT DE KOUFRA;00000014;Bouleau;Betula;pendula;''Crispa'';80;10;Jeune (arbre)Adulte;NON;48.82231477879505,2.3238655644073836
137428;Arbre;Jardin;PARIS 13E ARRDT;;;SQUARE HELOISE ET ABELARD / 15 RUE DUCHEFDELAVILLE;000101003;Sophora;Sophora;japonica;;120;15;;NON;48.83087971807371,2.370029153561622
161002;Arbre;CIMETIERE;VAL-DE-MARNE;;;CIMETIERE DE THIAIS / AVENUE CENTRALE / DIV 12;A01300012003;Platane;Platanus;orientalis;;215;20;Mature;NON;48.76559457467975,2.373433343657122
159603;Arbre;CIMETIERE;HAUTS-DE-SEINE;;;CIMETIERE DE BAGNEUX / AVENUE DES COPALMES / DIV 25;A04900025003;Copalme;Liquidambar;styraciflua;;0;0;;;48.8072292650115,2.31405280483973
264221;Arbre;Alignement;PARIS 16E ARRDT;;;AVENUE VICTOR HUGO;001101017;Tilleul;Tilia;x europaea;''Pallida'';91;8;Adulte;NON;48.868675695552774,2.2831650226423195
296432;Arbre;Alignement;PARIS 8E ARRDT;;;AVENUE MONTAIGNE;000101025;Marronnier;Aesculus;x carnea;''Briotii'';55;8;Jeune (arbre);NON;48.865777566322045,2.303753805486157
2006276;Arbre;Alignement;BOIS DE VINCENNES;;;ROUTE DAUPHINE;001202025;Tilleul;Tilia;platyphyllos;;45;9;Jeune (arbre);NON;48.83662368697477,2.437255359283689
2014242;Arbre;Alignement;PARIS 18E ARRDT;1;;RUE JACQUES KABLE;000101002;Cerisier à fleurs;Prunus;avium;''Flore Pleno'';77;8;Jeune (arbre)Adulte;NON;48.886174636649166,2.3628576548369087
156982;Arbre;CIMETIERE;SEINE-SAINT-DENIS;;;CIMETIERE DE PANTIN / AVENUE DES FRENES / DIV 129;A05700129001;Arbre aux quarante écus;Ginkgo;biloba;;20;5;;NON;48.90760448985274,2.419454927276356
2009031;Arbre;DFPE;PARIS 20E ARRDT;;;JARDIN D ENFANTS OPAC / 3 RUE VICTOR DEJEANTE;26220011;Cyprès;Cupressus;arizonica;;45;6;Jeune (arbre);NON;48.867298144162106,2.4097977543225486
128860;Arbre;Jardin;PARIS 15E ARRDT;;;PARC ANDRE CITROEN;00020027;Pin;Pinus;sylvestris;;0;0;;;48.83851002520474,2.2774832841204176
129471;Arbre;Jardin;PARIS 15E ARRDT;;;PARC ANDRE CITROEN;00050214;Sophora;Sophora;japonica;;0;0;;;48.84190287285432,2.2757303809053457
147378;Arbre;CIMETIERE;PARIS 20E ARRDT;;;CIMETIERE DU PERE LACHAISE / AVENUE CIRCULAIRE / DIV 81;A01500081006;Marronnier;Aesculus;hippocastanum;;130;14;Adulte;NON;48.86379559026075,2.3937421954471567
148229;Arbre;CIMETIERE;PARIS 17E ARRDT;;;CIMETIERE DES BATIGNOLLES / AVENUE DU NORD / DIV 8;A09800008004;Marronnier;Aesculus;hippocastanum;;175;14;Adulte;NON;48.89732537101489,2.3152515991350264
154552;Arbre;CIMETIERE;VAL-DE-MARNE;;;CIMETIERE D''IVRY / DIV 23;D00000023010;Faux-cyprès;Chamaecyparis;lawsoniana;''Ellwoodii'';130;4;Adulte;NON;48.8097314104163,2.36582548277781
167552;Arbre;CIMETIERE;PARIS 16E ARRDT;;;CIMETIERE DE PASSY / DIV 0;A00000000032;If;Taxus;baccata;;80;5;Adulte;NON;48.86205457886811,2.2860330690285746
172396;Arbre;CIMETIERE;HAUTS-DE-SEINE;;;CIMETIERE DE BAGNEUX / AVENUE DE MONTROUGE / DIV 0;A03500000003;Tilleul;Tilia;x europaea;''Euchlora'';150;14;Adulte;NON;48.81052615252696,2.30829908124712
193585;Arbre;PERIPHERIQUE;PARIS 16E ARRDT;;;TALUS N°13-00;091300063;Frêne;Fraxinus;excelsior;''Pendula'';50;5;;;48.85895330460143,2.261312595761743
256670;Arbre;Alignement;PARIS 19E ARRDT;;;AVENUE JEAN JAURES;002402004;Platane;Platanus;x hispanica;;100;17;Adulte;NON;48.887270049156406,2.3876389632984374
282042;Arbre;Alignement;PARIS 8E ARRDT;;;AVENUE DES CHAMPS ELYSEES;000903004;Platane;Platanus;x hispanica;;71;9;Jeune (arbre)Adulte;NON;48.869173929787394,2.3087169019557616
2006960;Arbre;Alignement;BOIS DE VINCENNES;;;ROUTE ROYALE DE BEAUTE;000301008;Platane;Platanus;x hispanica;;100;17;Jeune (arbre)Adulte;NON;48.83477597314864,2.437015520329655
2007616;Arbre;Alignement;PARIS 13E ARRDT;;;RUE JACQUES DESTREE;000101009;Marronnier;Aesculus;n. sp.;;85;10;Adulte;NON;48.816667383860384,2.3549942122502507
217659;Arbre;Alignement;PARIS 13E ARRDT;;;BOULEVARD AUGUSTE BLANQUI;000604001;Platane;Platanus;occidentalis;;115;12;Adulte;NON;48.829811036814846,2.3492138871127413
239418;Arbre;Alignement;PARIS 18E ARRDT;;;RUE DE L EVANGILE;001101037;Fevier;Gleditsia;triacanthos f. Inermis;;130;18;Adulte;NON;48.89548383310128,2.3701708172598757
124726;Arbre;Jardin;PARIS 12E ARRDT;;;SQUARE GEORGES MELIES / 3 RUE ALBERT MALET;000103004;Paulownia;Paulownia;tomentosa;;120;10;Adulte;NON;48.84125671682805,2.409947337331195
153411;Arbre;CIMETIERE;PARIS 14E ARRDT;;;CIMETIERE DE MONTPARNASSE GRAND / ALLEE RAFFET / DIV 1;A00400001005;Arbre de Judée;Cercis;siliquastrum;;45;5;Jeune (arbre);NON;48.83756925075619,2.3259443476213693
168046;Arbre;CIMETIERE;PARIS 20E ARRDT;;;CIMETIERE DU PERE LACHAISE / AVENUE GREFFULHE / DIV 42;A11700042001;Thuya;Thuja;n. sp.;;75;10;Adulte;NON;48.86033449685125,2.39605641554787
2002625;Arbre;DASCO;PARIS 17E ARRDT;;;BERNARD BUFFET (14) ELEM;00000001;Erable;Acer;campestre;;14;2;Jeune (arbre);NON;48.89163214459036,2.315713616654645
2008858;Arbre;DJS;PARIS 13E ARRDT;;;STADE CHARLETTY / 99 BOULEVARD KELLERMANN;00000069;Micocoulier;Celtis;australis;;10;9;Jeune (arbre)Adulte;NON;48.81660552315,2.345908391387788
211547;Arbre;Alignement;PARIS 13E ARRDT;;;AVENUE EDISON;000101022;Micocoulier;Celtis;australis;;125;15;Adulte;NON;48.828677588822366,2.3620462909605116
123218;Arbre;Jardin;PARIS 12E ARRDT;;;VIADUC DES ARTS - PROMENADE PLANTEE;00050108;Tilleul;Tilia;x europaea;''Euchlora'';69;10;;;48.84734388899994,2.3757887323968454
131715;Arbre;Jardin;PARIS 15E ARRDT;;;PARC OMNISPORT SUZANNE LENGLEN / 7 BOULEVARD DES FRERES VOISIN;00040093;Pin;Pinus;nigra subsp. nigra;;121;0;;;48.82816985659561,2.269403140211131
150058;Arbre;CIMETIERE;VAL-DE-MARNE;;;CIMETIERE DE THIAIS / AVENUE E / DIV 59;A11100059005;Marronnier;Aesculus;hippocastanum;;0;0;;;48.76003762095704,2.3726832779079974
152418;Arbre;CIMETIERE;SEINE-SAINT-DENIS;;;CIMETIERE DE PANTIN / AVENUE DES CHENES ROUGES / DIV F215;A0480F215014;Charme;Carpinus;betulus;''Fastigiata'';90;9;;;48.909600059296054,2.410878236984512
160661;Arbre;CIMETIERE;SEINE-SAINT-DENIS;;;CIMETIERE DE PANTIN / AVENUE DES PLATANES / DIV 65;A08000065002;Platane;Platanus;x hispanica;;0;0;;;48.90638435366329,2.411704970058367
195892;Arbre;PERIPHERIQUE;PARIS 15E ARRDT;;;TALUS N°09-12;090912026;Platane;Platanus;x hispanica;;105;10;;;48.83515129638273,2.2713016419248504
253415;Arbre;Alignement;PARIS 19E ARRDT;;;RUE EUGENIE COTTON;000101003;Poirier à fleurs;Pyrus;calleryana;''Chanticleer'';35;6;Jeune (arbre)Adulte;NON;48.87842292116048,2.394034626301108
265508;Arbre;Alignement;PARIS 15E ARRDT;N°170;;RUE DE LA CONVENTION;002602016;Tilleul;Tilia;tomentosa;;80;10;Adulte;NON;48.83848165702252,2.293516948442372
2022112;Arbre;PERIPHERIQUE;PARIS 19E ARRDT;;;TALUS N°24-07;092407054;Robinier;Robinia;pseudoacacia;;25;5;Jeune (arbre);NON;48.900078010494866,2.37200578993001
131103;Arbre;Jardin;PARIS 15E ARRDT;La Butte Florilèges;;PARC OMNISPORT SUZANNE LENGLEN / 7 BOULEVARD DES FRERES VOISIN;000219006;Erable;Acer;platanoides;;114;0;;NON;48.83032541106733,2.2728842013231434
189504;Arbre;DASCO;PARIS 17E ARRDT;;;JACQUES KELLNER (5) ELEM;10550001;Frêne;Fraxinus;angustifolia;''Raywood'';34;5;Jeune (arbre);NON;48.89673606172454,2.32444979654244
193625;Arbre;PERIPHERIQUE;PARIS 16E ARRDT;;;TALUS N°13-04;091304045;Frêne;Fraxinus;excelsior;;65;10;;;48.859670110242675,2.2621302933279286
197111;Arbre;PERIPHERIQUE;PARIS 18E ARRDT;;;TALUS N°23-10;092310153;Savonnier;Koelreuteria;paniculata;;48;4;Jeune (arbre)Adulte;NON;48.90135185660269,2.362252898444748
249098;Arbre;Alignement;PARIS 20E ARRDT;141bis;;AVENUE GAMBETTA;002101022;Tilleul;Tilia;tomentosa;;140;20;Adulte;NON;48.86948273111805,2.402350468643234
278032;Arbre;Alignement;PARIS 7E ARRDT;;;PLACE DE FONTENOY - UNESCO;000402001;Marronnier;Aesculus;x carnea;''Briotii'';35;6;Jeune (arbre);NON;48.85097543036196,2.306851179440105
288808;Arbre;Alignement;PARIS 12E ARRDT;3;;RUE CHALIGNY;000101004;Marronnier;Aesculus;x carnea;''Briotii'';40;5;Jeune (arbre)Adulte;NON;48.84533918460445,2.3833810251626524
323633;Arbre;Jardin;PARIS 8E ARRDT;;;SQUARE MARCEL PAGNOL / 12 RUE DE LABORDE;00000023;Erable;Acer;saccharinum;''Laciniatum'';95;9;Adulte;NON;48.87610190013602,2.3204950234277413
2037104;Arbre;Jardin;PARIS 12E ARRDT;Les Grandes Pelouses;;PARC DE BERCY / 128 QUAI DE BERCY;B00102009;Pommier à fleurs;Malus;toringoides;;20;3;;NON;48.83720610522354,2.380089213625922
108130;Arbre;Jardin;PARIS 7E ARRDT;Canton 03 / SETE;;JARDIN DU CHAMP DE MARS ET PELOUSES DE L ECOLE MILITAIRE / SETE;P00301012;Erable;Acer;n. sp.;;67;7;Jeune (arbre)Adulte;NON;48.85928598712413,2.2948376345369823
130347;Arbre;Jardin;PARIS 15E ARRDT;;;PARC ANDRE CITROEN;00080183;Pommier à fleurs;Malus;;''Evereste'';0;0;;;48.84344400902633,2.27438620734856
199705;Arbre;DJS;PARIS 10E ARRDT;;;TEP VERDUN / 18 AVENUE DE VERDUN;00180057;Bouleau;Betula;pendula;''Pyramidale'';60;10;Jeune (arbre)Adulte;;48.876023827456315,2.3629292442842456
286175;Arbre;Alignement;PARIS 10E ARRDT;;;RUE DE CHABROL;000301001;Magnolia;Magnolia;grandiflora;;82;8;Adulte;NON;48.87661301692704,2.3546116624860485
210574;Arbre;Alignement;PARIS 6E ARRDT;120;;RUE DE RENNES;001602001;Parrotie de Perse;Parrotia;persica;''Vanessa'';20;5;Jeune (arbre);NON;48.84724158378851,2.3269592410519064
212467;Arbre;Alignement;PARIS 18E ARRDT;f142;;BOULEVARD DE CLICHY;000601018;Micocoulier;Celtis;australis;;50;5;Jeune (arbre)Adulte;NON;48.88377664464432,2.328158145914582
219985;Arbre;Alignement;PARIS 12E ARRDT;;;QUAI DE BERCY;000802004;Platane;Platanus;x hispanica;;90;10;Jeune (arbre)Adulte;NON;48.83774628996291,2.3775381700996303
122355;Arbre;Jardin;PARIS 20E ARRDT;SQUARE VILLA OTTOZ;;PARC DE BELLEVILLE / 45 RUE DES COURONNES;000101001;Tilleul;Tilia;cordata;;50;0;Jeune (arbre)Adulte;NON;48.87261352698477,2.3839485484422016
123306;Arbre;Jardin;PARIS 7E ARRDT;f63 à f67;;PROMENADE D AUSTRALIE / 14 QUAI DE BRANLY;000401001;Platane;Platanus;x hispanica;;200;20;Adulte;NON;48.86061432208659,2.295186900611051
138818;Arbre;Jardin;PARIS 19E ARRDT;;;JARDIN 13-15 RUE REBEVAL;00000031;Noisetier de Byzance;Corylus;colurna;;100;0;;;48.874662050179225,2.377137968318021
141757;Arbre;CIMETIERE;VAL-DE-MARNE;;;CIMETIERE DE THIAIS / AVENUE O / DIV 106;A13800106001;Erable;Acer;platanoides;;0;0;;;48.758661433433794,2.382050731402865
143485;Arbre;CIMETIERE;PARIS 14E ARRDT;;;CIMETIERE DE MONTPARNASSE PETIT / DIV 25;D00000025002;Erable;Acer;pseudoplatanus;;125;10;Jeune (arbre)Adulte;NON;48.83642471879487,2.328660761116581
150015;Arbre;CIMETIERE;SEINE-SAINT-DENIS;;;CIMETIERE DE SAINT-OUEN NOUV / AVENUE TRANSVERSALE N3 / DIV 24;A15100024005;Marronnier;Aesculus;hippocastanum;;212;16;Mature;NON;48.90884928961926,2.3501727218376263
152651;Arbre;CIMETIERE;VAL-DE-MARNE;;;CIMETIERE DE THIAIS / AVENUE L / DIV 1;A12400001007;Micocoulier;Celtis;australis;;120;10;Adulte;NON;48.765547932405084,2.3695706187062737
153954;Arbre;CIMETIERE;SEINE-SAINT-DENIS;;;CIMETIERE DE PANTIN / AVENUE TRANSVERSALE / DIV 94;A14800094023;Faux-cyprès;Chamaecyparis;n. sp.;;135;10;;;48.90537621253383,2.413092378177353
157450;Arbre;CIMETIERE;VAL-DE-MARNE;;;CIMETIERE DE THIAIS / AVENUE DE L''OUEST / DIV 100;A03300100009;Frêne;Fraxinus;excelsior;''Diversifolia'';0;0;;;48.75698951575998,2.3764702586145727
186809;Arbre;DASCO;PARIS 15E ARRDT;;;ECOLE ELEMENTAIRE B / 81 RUE MADEMOISELLE;117101010;Erable;Acer;platanoides;;105;10;Adulte;NON;48.84387089938656,2.299881881875057
273440;Arbre;Alignement;PARIS 20E ARRDT;7;;RUE ERNEST LEFEVRE;000101011;Platane;Platanus;x hispanica;;65;8;Jeune (arbre)Adulte;NON;48.86904786901988,2.4031476970628822
264900;Arbre;Alignement;PARIS 16E ARRDT;;;RUE DU GENERAL APPERT;000402007;;Prunus;x hillieri;;40;5;Jeune (arbre)Adulte;NON;48.869189506635294,2.2751541436608376
267013;Arbre;Alignement;PARIS 17E ARRDT;12;;PLACE DU GENERAL CATROUX;000402005;Platane;Platanus;x hispanica;;205;20;Adulte;NON;48.88253872749435,2.31119596681427
269780;Arbre;Alignement;PARIS 12E ARRDT;;;AVENUE DAUMESNIL;003103003;Platane;Platanus;x hispanica;;85;10;Adulte;NON;48.83672620075386,2.403819084913434
208485;Arbre;Alignement;PARIS 13E ARRDT;;;BOULEVARD ARAGO;001503002;Marronnier;Aesculus;hippocastanum;''Baumannii'';40;4;Jeune (arbre);NON;48.83481564036737,2.3448185075038466
222444;Arbre;Alignement;PARIS 17E ARRDT;;;BOULEVARD PEREIRE;000101008;Platane;Platanus;x hispanica;;190;20;Mature;NON;48.88785493609492,2.309838298492944
243424;Arbre;Alignement;PARIS 19E ARRDT;;;QUAI DE LA SEINE;000204013;Peuplier;Populus;x canadensis;''Robusta'';140;8;Adulte;NON;48.885720933822576,2.3729128466633154
106602;Arbre;Jardin;PARIS 7E ARRDT;Canton 09;;JARDIN DU CHAMP DE MARS ET PELOUSES DE L ECOLE MILITAIRE / PLACE JACQUES RUEFF;A00901001;Sophora;Sophora;japonica;;72;10;Adulte;NON;48.85650304387713,2.299167732014703
112888;Arbre;Jardin;PARIS 14E ARRDT;Talus RER Ouest;;PARC MONTSOURIS / 28 BOULEVARD JOURDAN;052501004;Cèdre;Cedrus;libani;;367;18;Mature;NON;48.82249561919932,2.3378083175671036
127500;Arbre;Jardin;PARIS 19E ARRDT;;;SQUARE DE LA BUTTE DU CHAPEAU ROUGE / 11 BOULEVARD D ALGERIE;00000001;Frêne à fleurs;Fraxinus;ornus;;96;0;;;48.88074209230838,2.399087640880876
165349;Arbre;CIMETIERE;VAL-DE-MARNE;;;CIMETIERE DE THIAIS / AVENUE DE L''EST / DIV 56;A02000056006;Pterocarya;Pterocarya;fraxinifolia;;0;0;;;48.762128709443054,2.3783489186174167
251035;Arbre;Alignement;PARIS 15E ARRDT;N°166;;RUE DE LA CONVENTION;002602010;Tilleul;Tilia;x europaea;''Euchlora'';35;8;Jeune (arbre);NON;48.838688310656906,2.293064163881005
267205;Arbre;Alignement;PARIS 8E ARRDT;;;BOULEVARD MALESHERBES;000901002;Platane;Platanus;x hispanica;;34;7;Jeune (arbre);NON;48.873652884062174,2.320533381131812
288862;Arbre;Alignement;PARIS 12E ARRDT;12;;RUE CHALIGNY;000202015;Marronnier;Aesculus;x carnea;''Briotii'';80;10;Adulte;NON;48.84601512881227,2.383682267219461
293705;Arbre;Alignement;PARIS 4E ARRDT;15;;BOULEVARD MORLAND;000301037;Robinier;Robinia;pseudoacacia;''Bessoniana'';30;5;Jeune (arbre);NON;48.84925401990145,2.364176172219075
2000630;Arbre;Alignement;BOIS DE BOULOGNE;;;BOULEVARD DU COMMANDANT CHARCOT;000406012;Marronnier;Aesculus;hippocastanum;''Baumannii'';80;10;Jeune (arbre)Adulte;NON;48.8779227965183,2.2573474548645516
2023107;Arbre;DFPE;PARIS 10E ARRDT;;;CRECHE COLLECTIVE / 53 RUE D HAUTEVILLE;221502008;Pommier à fruits;Malus;domestica;''Fruit n.sp.'';10;2;;NON;48.874668636138324,2.3497592275675543
2023540;Arbre;Jardin;BOIS DE VINCENNES;;;ARBORETUM DE L ECOLE DU BREUIL - ROUTE DE LA FERME / ROUTE DE LA PYRAMIDE;719801102;Erable;Acer;cappadocicum;;0;0;;NON;48.820368734602944,2.455343134186907
242958;Arbre;Alignement;PARIS 19E ARRDT;36;;RUE DE MEAUX;000402026;Fevier;Gleditsia;triacanthos;''Sunburst'';25;5;Jeune (arbre);NON;48.880444198224026,2.372797405068008
223212;Arbre;Alignement;PARIS 6E ARRDT;;;BOULEVARD RASPAIL;001401001;Platane;Platanus;x hispanica;;60;10;Jeune (arbre)Adulte;NON;48.84422483825564,2.3289675273043806
232208;Arbre;Alignement;PARIS 17E ARRDT;;;BOULEVARD PEREIRE;000902010;Sophora;Sophora;japonica;;95;10;Adulte;NON;48.88141030345359,2.290402428529065
101964;Arbre;Jardin;PARIS 19E ARRDT;;;PARC DES BUTTES CHAUMONT;E0060007;Pin;Pinus;nigra;;150;12;;;48.880618419036274,2.386688210507621
125398;Arbre;Jardin;PARIS 12E ARRDT;;;JARDIN DE REUILLY;00000059;Pommier à fruits;Malus;pumila;;25;5;Jeune (arbre)Adulte;NON;48.8417883329823,2.387550643727303
136556;Arbre;Jardin;PARIS 16E ARRDT;;;SQUARE DU MUSEE GALLIERA / 10 AVENUE PIERRE 1ER DE SERBIE;000101007;Tilleul;Tilia;platyphyllos;;140;18;Adulte;NON;48.86520970981303,2.295962746262145
136814;Arbre;Jardin;PARIS 16E ARRDT;;;JARDIN DU RANELAGH;00040104;Buis;Buxus;sempervirens;''Rotundifolia'';30;3;Adulte;NON;48.861460071830386,2.2681437032047853
169618;Arbre;CIMETIERE;PARIS 14E ARRDT;;;CIMETIERE DE MONTPARNASSE GRAND / AVENUE DU MIDI / DIV 10;A09700010013;Tilleul;Tilia;x europaea;''Euchlora'';170;15;Adulte;NON;48.83655768305442,2.326827151159298
170801;Arbre;CIMETIERE;SEINE-SAINT-DENIS;;;CIMETIERE DE PANTIN / AVENUE DE BOBIGNY / DIV 115;A01900115005;Tilleul;Tilia;x europaea;''Pallida'';0;0;;;48.90864485853561,2.4186281083702523
191848;Arbre;PERIPHERIQUE;PARIS 14E ARRDT;;;TALUS N°06-01;090601005;Arbre de Judée;Cercis;siliquastrum;;40;5;;NON;48.82209817468061,2.316793029004653
288832;Arbre;Alignement;PARIS 12E ARRDT;;;BOULEVARD DIDEROT;003501005;Platane;Platanus;x hispanica;;110;15;Adulte;NON;48.84753324986194,2.387831880836265
2006485;Arbre;Alignement;BOIS DE VINCENNES;;;ROUTE DE BOURBON;000402016;Tilleul;Tilia;platyphyllos;;115;12;Adulte;NON;48.8290040890494,2.444183281277208
206061;Arbre;Alignement;PARIS 11E ARRDT;;;PLACE DE LA NATION;000502002;Marronnier;Aesculus;n. sp.;;65;5;Jeune (arbre)Adulte;NON;48.84885464563681,2.3971074862181005
217688;Arbre;Alignement;PARIS 13E ARRDT;;;BOULEVARD AUGUSTE BLANQUI;001006004;Platane;Platanus;occidentalis;;105;15;Adulte;NON;48.830541952418955,2.3467401379676707
264477;Arbre;Alignement;PARIS 16E ARRDT;;;AVENUE VICTOR HUGO;001101021;Tilleul;Tilia;x europaea;''Pallida'';87;8;Adulte;NON;48.86849077803702,2.282724755611778
294726;Arbre;Alignement;PARIS 5E ARRDT;14;;BOULEVARD SAINT MARCEL;000202001;Cedrele;Toona;sinensis;;115;12;Adulte;NON;48.83963218861893,2.3605061236071965
2007316;Arbre;Alignement;BOIS DE VINCENNES;;;AVENUE DES TILLEULS;000101001;Tilleul;Tilia;platyphyllos;;65;12;Jeune (arbre);NON;48.8359014765065,2.4621650013106353
2015829;Arbre;Jardin;BOIS DE VINCENNES;;;PARC FLORAL DE PARIS / ROUTE DE LA PYRAMIDE;03140047;Pin;Pinus;nigra;;0;0;;NON;48.83917907617021,2.445231332483728
205571;Arbre;Alignement;PARIS 8E ARRDT;;;COURS ALBERT 1ER;000101006;Marronnier;Aesculus;hippocastanum;;87;15;Adulte;NON;48.86464059112933,2.3096252087369833
204104;Arbre;Alignement;PARIS 12E ARRDT;;;AVENUE DU BEL AIR;000101014;Erable;Acer;pseudoplatanus;;45;5;Jeune (arbre)Adulte;NON;48.84620160673281,2.3975632987724516
209505;Arbre;Alignement;PARIS 20E ARRDT;151;;RUE DE BAGNOLET;002301006;Marronnier;Aesculus;hippocastanum;;170;15;Adulte;NON;48.863031803118396,2.4068939031089687
216813;Arbre;Alignement;PARIS 15E ARRDT;21;;RUE DESAIX;000501007;Paulownia;Paulownia;tomentosa;;80;10;Adulte;NON;48.853055648062615,2.2933897690065246
236033;Arbre;Alignement;PARIS 13E ARRDT;;;QUAI FRANCOIS MAURIAC;000301023;Tilleul;Tilia;tomentosa;;61;6;Jeune (arbre)Adulte;NON;48.83465465758538,2.3764846467232
139545;Arbre;Jardin;PARIS 17E ARRDT;;;PROMENADE BERNARD LAFAY C2;20030141;Cèdre;Cedrus;deodara;;114;8;Adulte;NON;48.891188216787555,2.298930377826564
155270;Arbre;CIMETIERE;VAL-DE-MARNE;;;CIMETIERE DE THIAIS / AVENUE D / DIV 50;A01700050007;Noisetier de Byzance;Corylus;colurna;;100;10;Adulte;NON;48.763572677179965,2.3792165093305147
187034;Arbre;DASCO;PARIS 17E ARRDT;;;POUCHET (42) ELEM;10430002;Marronnier;Aesculus;hippocastanum;;50;10;Adulte;NON;48.894001051164686,2.3208246194504683
201494;Arbre;DJS;PARIS 16E ARRDT;;;CENTRE SPORTIF SUCHET / 1 SQUARE HENRY BATAILLE;000201026;Arbre aux quarante écus;Ginkgo;biloba;;90;14;Adulte;NON;48.85322075224132,2.2615864485363266
251831;Arbre;Alignement;PARIS 16E ARRDT;;;AVENUE D IENA;000301022;Platane;Platanus;x hispanica;;157;17;Adulte;NON;48.866898760245064,2.295073680941657
297711;Arbre;Alignement;PARIS 20E ARRDT;39;;COURS DE VINCENNES;000101020;Platane;Platanus;x hispanica;;140;15;Adulte;NON;48.84791061795342,2.402854328350669
2000485;Arbre;Alignement;BOIS DE BOULOGNE;lampadaire 7123;;ALLEE DE LA REINE MARGUERITE;000202016;Alisier;Sorbus;aria;;18;3;Jeune (arbre);NON;48.84952572453251,2.241894082895558
2035019;Arbre;Alignement;PARIS 18E ARRDT;;;RUE FERDINAND FLOCON;000101008;;Malus;;;20;5;;NON;48.89171438657551,2.345987150222918
219715;Arbre;Alignement;PARIS 11E ARRDT;;;BOULEVARD RICHARD LENOIR;000604001;Platane;Platanus;x hispanica;;135;15;Adulte;NON;48.86261460955731,2.3722990149159013
230113;Arbre;Alignement;PARIS 11E ARRDT;;;BOULEVARD DE MENILMONTANT;000302019;Sophora;Sophora;japonica;;100;10;Jeune (arbre)Adulte;NON;48.862007475083736,2.3878558920613053
236545;Arbre;Alignement;PARIS 8E ARRDT;f7;;BOULEVARD DES BATIGNOLLES;000101008;Orme;Ulmus;n. sp.;;72;8;Adulte;NON;48.88323994166907,2.3261626173382055
244928;Arbre;Alignement;PARIS 16E ARRDT;;;AVENUE GORDON BENNETT;000202025;Marronnier;Aesculus;hippocastanum;;157;15;Adulte;NON;48.847094115131966,2.251025048596299
247863;Arbre;Alignement;PARIS 16E ARRDT;;;AVENUE DU RANELAGH;000202014;Marronnier;Aesculus;hippocastanum;;106;16;Adulte;NON;48.85850011318572,2.268910979991097
132408;Arbre;Jardin;PARIS 5E ARRDT;;;SQUARE THEODORE MONOD / 23 RUE DU FER A MOULIN;000103005;Erable;Acer;japonicum;;10;24;;NON;48.83858239690812,2.3536223703063324
187605;Arbre;DFPE;PARIS 15E ARRDT;;;VAUGIRARD (379B);21560004;Chêne;Quercus;ilex;;60;8;Jeune (arbre);NON;48.835126967515244,2.2944339023477265
280776;Arbre;Alignement;PARIS 8E ARRDT;;;AVENUE DES CHAMPS ELYSEES;000301020;Platane;Platanus;orientalis;;193;14;Adulte;NON;48.866866055123126,2.3162759402227673
282507;Arbre;Alignement;PARIS 17E ARRDT;;;RUE GUY MOQUET;001202006;Poirier à fleurs;Pyrus;calleryana;''Chanticleer'';45;6;Jeune (arbre)Adulte;NON;48.892279717026625,2.3243092015519315
313715;Arbre;Jardin;PARIS 8E ARRDT;;;PARC MONCEAU;00NE0533;Merisier;Prunus;avium;;32;6;Jeune (arbre);NON;48.88033280192032,2.309933975955825
2007824;Arbre;Alignement;PARIS 1ER ARRDT;;;PORT DES TUILERIES;000101039;Peuplier;Populus;n. sp.;;80;10;Jeune (arbre)Adulte;NON;48.86203322739934,2.3260680888114056
2029448;Arbre;DASCO;PARIS 12E ARRDT;;;ECOLE MATERNELLE / 13 AVENUE ARMAND ROUSSEAU;057302002;Poirier à fleurs;Pyrus;calleryana;''Chanticleer'';20;4;Jeune (arbre)Adulte;NON;48.83694085942683,2.4088746716448406
234028;Arbre;Alignement;PARIS 13E ARRDT;;;QUAI PANHARD ET LEVASSOR;001701006;Tilleul;Tilia;cordata;;75;8;Jeune (arbre)Adulte;NON;48.831841659107944,2.3801248481493014
101635;Arbre;Jardin;PARIS 19E ARRDT;face 64 Manin;;PARC DES BUTTES CHAUMONT;A1A30063;Cornouiller;Cornus;mas;;50;5;Adulte;NON;48.88087867015857,2.3878187290370603
110663;Arbre;Jardin;PARIS 15E ARRDT;;;PARC GEORGES BRASSENS / 2 PLACE JACQUES MARETTE;000A0144;Pin;Pinus;nigra;;95;9;;NON;48.831248725711404,2.297601552747964
118642;Arbre;Jardin;PARIS 20E ARRDT;;;SQUARE RUES BELLEVILLE - TELEGRAPHE / 246 RUE DE BELLEVILLE;000103005;Erable;Acer;platanoides;;145;10;Adulte;NON;48.87546548262194,2.3994655960046343
152263;Arbre;CIMETIERE;SEINE-SAINT-DENIS;;;CIMETIERE DE PANTIN / AVENUE DE L''AQUEDUC / DIV F128;A0310F128128;Charme;Carpinus;betulus;''Fastigiata'';0;0;;;48.90106591600499,2.4100656117145687
159700;Arbre;CIMETIERE;HAUTS-DE-SEINE;;;CIMETIERE DE BAGNEUX / AVENUE DES COPALMES / DIV 23;A04900023005;Copalme;Liquidambar;styraciflua;;0;0;;;48.809436565447186,2.308910313322364
170223;Arbre;CIMETIERE;SEINE-SAINT-DENIS;;;CIMETIERE DE LA CHAPELLE / AVENUE DU NORD / DIV 1;A09800001001;Tilleul;Tilia;tomentosa;;263;17;Mature;NON;48.90300734828308,2.3620266713549074
277101;Arbre;Alignement;PARIS 7E ARRDT;18;;AVENUE ELISEE RECLUS;000402008;Marronnier;Aesculus;x carnea;''Briotii'';45;5;Jeune (arbre);NON;48.85775696178541,2.2985890357835568
292450;Arbre;Alignement;PARIS 18E ARRDT;;;RUE CHAMPIONNET;001602001;Tilleul;Tilia;tomentosa;;95;8;Jeune (arbre)Adulte;NON;48.894178042194014,2.332351187272619
281909;Arbre;Alignement;PARIS 8E ARRDT;VIII 10001;;AVENUE DES CHAMPS ELYSEES;000402022;Platane;Platanus;x hispanica;;73;12;Jeune (arbre);NON;48.868821577112904,2.3111147214106307
2032770;Arbre;DJS;SEINE-SAINT-DENIS;;;STADE DEPARTEMENTAL DE LA MOTTE / 59 RUE MARCEL CACHIN - BOBIGNY;000102017;Tilleul;Tilia;tomentosa;;185;8;Adulte;NON;48.911010026244256,2.4226864341659065
127717;Arbre;Jardin;PARIS 19E ARRDT;;;SQUARE DE LA BUTTE DU CHAPEAU ROUGE / 11 BOULEVARD D ALGERIE;00000216;Pin;Pinus;nigra subsp. nigra;;142;14;Adulte;NON;48.882137355659566,2.400182201219564
138837;Arbre;Jardin;PARIS 16E ARRDT;;;SQUARE JAN DOORNIK;00000006;Poirier à fleurs;Pyrus;salicifolia;''Pendula'';50;2;Adulte;NON;48.86829003003105,2.2737933503723795
323624;Arbre;Jardin;PARIS 8E ARRDT;;;SQUARE MARCEL PAGNOL / 12 RUE DE LABORDE;00000014;Marronnier;Aesculus;hippocastanum;;83;8;Jeune (arbre)Adulte;NON;48.87602448917509,2.321026713082802
323666;Arbre;Jardin;PARIS 9E ARRDT;Massif limitrophe Est;;SQUARE D ESTIENNE D ORVES / 1 PLACE D ESTIENNE D ORVES;000201022;Chêne;Quercus;cerris;;25;4;Jeune (arbre);NON;48.87696517446206,2.332087035825576
2011084;Arbre;Jardin;BOIS DE VINCENNES;;;PARC FLORAL DE PARIS / ROUTE DE LA PYRAMIDE;00040078;Sapin;Abies;alba;;65;16;Adulte;NON;48.83911504134774,2.440179282453055
2023999;Arbre;Jardin;BOIS DE VINCENNES;;;ARBORETUM DE L ECOLE DU BREUIL - ROUTE DE LA FERME / ROUTE DE LA PYRAMIDE;720000073;Aubepine;Crataegus;n. sp.;;0;0;;NON;48.82105147060929,2.4543126041647376
226420;Arbre;Alignement;PARIS 17E ARRDT;;;BOULEVARD MALESHERBES;004802008;Platane;Platanus;x hispanica;;145;12;Adulte;NON;48.88946206664022,2.3042071496212855
110709;Arbre;Jardin;PARIS 15E ARRDT;;;PARC GEORGES BRASSENS / 2 PLACE JACQUES MARETTE;000A0206;Hêtre;Fagus;sylvatica;;105;9;;;48.83068030970497,2.299358614113219
110975;Arbre;Jardin;PARIS 19E ARRDT;;;PARC DES BUTTES CHAUMONT;K69K0037;Pin;Pinus;nigra;;50;10;;;48.87970956457595,2.379624133875597
113268;Arbre;Jardin;PARIS 16E ARRDT;PELOUSE 03 - 82 à 90;;JARDIN DE L AVENUE FOCH / 10 AVENUE FOCH;000408003;Erable;Acer;rufinerve;;40;5;Jeune (arbre);NON;48.87220270811346,2.2781829412281995
142150;Arbre;CIMETIERE;VAL-DE-MARNE;;;CIMETIERE D''IVRY / AVENUE LATERALE N3 / DIV 8;A13000008009;Erable;Acer;platanoides;''Crimson King'';97;13;Adulte;NON;48.810472775120004,2.3713752815257347
167226;Arbre;CIMETIERE;SEINE-SAINT-DENIS;;;CIMETIERE DE PANTIN / AVENUE DES SOPHORAS / DIV 35;A08600035004;Sophora;Sophora;japonica;;0;0;;;48.906046588468364,2.40693707982859
248971;Arbre;Alignement;PARIS 20E ARRDT;86;;RUE ERNEST LEFEVRE;000202021;Platane;Platanus;x hispanica;;95;12;Adulte;NON;48.8697460889737,2.4028398322788282
266292;Arbre;Alignement;PARIS 15E ARRDT;SN;;RUE EMERIAU;000701009;Arbre de Judée;Cercis;siliquastrum;;90;7;Adulte;NON;48.848938397882605,2.285549663074149
267089;Arbre;Alignement;PARIS 8E ARRDT;;;PLACE DE LA MADELEINE;000401001;Platane;Platanus;x hispanica;;53;8;Jeune (arbre)Adulte;NON;48.86945097609473,2.324745938511459
278301;Arbre;Alignement;PARIS 13E ARRDT;;;AVENUE CAFFIERI;000301017;Charme-Houblon;Ostrya;carpinifolia;;20;5;;NON;48.819828994164546,2.350674539828699
299138;Arbre;Alignement;PARIS 11E ARRDT;;;RUE DU FAUBOURG SAINT ANTOINE;002101003;Noyer;Juglans;nigra;;70;8;Adulte;NON;48.848964341011154,2.392504551366108
113502;Arbre;Jardin;PARIS 16E ARRDT;;;JARDIN DES SERRES D AUTEUIL / 1 AVENUE GORDON BENNETT;00060076;Cèdre;Cedrus;libani;;120;11;Adulte;NON;48.845776586038134,2.254354192864648
108354;Arbre;Jardin;PARIS 16E ARRDT;Canton 02;;JARDINS DU TROCADERO / 3 PLACE DE VARSOVIE;000203014;Marronnier;Aesculus;hippocastanum;;293;25;Mature;NON;48.860584505564944,2.288420579019779
128645;Arbre;Jardin;PARIS 15E ARRDT;;;SQUARE PABLO CASALS / 41 RUE EMERIAU;000108015;Marronnier;Aesculus;hippocastanum;''Baumannii'';0;0;;NON;48.848990802983515,2.2862260775113667
133735;Arbre;Jardin;PARIS 15E ARRDT;;;SQUARE CARLO SARRABEZOLLES / 1 RUE RENE RAVAUD;000104019;Pin;Pinus;nigra subsp. nigra;;125;12;Adulte;NON;48.83760112477931,2.2718867334457604
138343;Arbre;Jardin;PARIS 20E ARRDT;;;JARDIN PIXERECOURT / 50 RUE PIXERECOURT;000102007;Prunier à fleurs;Prunus;cerasifera;''Pissardii'';40;5;Jeune (arbre)Adulte;NON;48.873553175579424,2.3960883028884408
158693;Arbre;CIMETIERE;PARIS 20E ARRDT;;;CIMETIERE DU PERE LACHAISE / DIV 42;D00000042023;Houx;Ilex;aquifolium;;60;8;Adulte;NON;48.86065528780337,2.3962193819883315
187176;Arbre;DASCO;PARIS 9E ARRDT;;;ECOLE ELEMENTAIRE / 32 RUE BRUXELLES;101101006;Marronnier;Aesculus;hippocastanum;;152;14;Adulte;NON;48.883265480439796,2.3287429889838074
191137;Arbre;DASCO;PARIS 14E ARRDT;;;JACQUIER (23) MAT;06583020;Pommier;Malus;n. sp.;;75;5;Jeune (arbre);NON;48.829767169313484,2.317496541707794
277921;Arbre;Alignement;PARIS 7E ARRDT;32;;AVENUE CHARLES FLOQUET;001202002;Marronnier;Aesculus;x carnea;''Briotii'';65;7;Adulte;NON;48.853962554399544,2.2976840325645256
280581;Arbre;Alignement;PARIS 8E ARRDT;;;AVENUE DES CHAMPS ELYSEES;001402007;Platane;Platanus;x hispanica;;58;9;Jeune (arbre)Adulte;NON;48.87221993935472,2.3004327399469635
2028965;Arbre;DJS;PARIS 19E ARRDT;Grand Bosquet;;CENTRE SPORTIF JULES LADOUMEGUE / 35 ROUTE DES PETITS PONTS;000301004;Cerisier à fleurs;Prunus;x subhirtella;;35;6;Jeune (arbre);NON;48.89337593675626,2.3969954642928317
228899;Arbre;Alignement;PARIS 13E ARRDT;;;BOULEVARD KELLERMANN;000101001;Poirier à fleurs;Pyrus;calleryana;''Chanticleer'';50;5;Jeune (arbre)Adulte;NON;48.81883280426851,2.359202048577861
247015;Arbre;Alignement;PARIS 14E ARRDT;;;BOULEVARD RASPAIL;004101006;Erable;Acer;pseudoplatanus;;55;6;Jeune (arbre);NON;48.837452448207316,2.3314037276559243
103571;Arbre;Jardin;PARIS 19E ARRDT;;;PARC DES BUTTES CHAUMONT;Q9620051;Prunier à fleurs;Prunus;cerasifera;''Pissardii'';105;10;;;48.87814350826243,2.3786412767721967
134325;Arbre;Jardin;PARIS 15E ARRDT;;;PARC OMNISPORT SUZANNE LENGLEN / 7 BOULEVARD DES FRERES VOISIN;000603099;Tilleul;Tilia;platyphyllos;;81;0;;NON;48.82950697564407,2.2677515303079967
161622;Arbre;CIMETIERE;VAL-DE-MARNE;1bm;;CIMETIERE D''IVRY / AVENUE DE L''EST / DIV 38;A02000038013;Platane;Platanus;orientalis;;253;28;Adulte;NON;48.814173906293185,2.3688794035708964
147516;Arbre;CIMETIERE;PARIS 20E ARRDT;;;CIMETIERE DU PERE LACHAISE / AVENUE TRANSVERSALE N°1 / DIV 39;A03900039008;Marronnier;Aesculus;hippocastanum;;245;20;Adulte;NON;48.85959195273772,2.3963254930176223
169881;Arbre;CIMETIERE;HAUTS-DE-SEINE;;;CIMETIERE DE BAGNEUX / AVENUE DES TILLEULS DE HOLLANDE / DIV 26;A09000026004;Tilleul;Tilia;platyphyllos;;0;0;;;48.80761589674686,2.312545049776871
171641;Arbre;CIMETIERE;PARIS 14E ARRDT;;;CIMETIERE DE MONTPARNASSE GRAND / AVENUE DU MIDI / DIV 16;A09700016022;Orme;Ulmus;;RESISTA;75;9;Jeune (arbre)Adulte;NON;48.837000435096094,2.325360371164087
258516;Arbre;Alignement;PARIS 15E ARRDT;2;;AVENUE DE LA PORTE BRANCION;000202003;Platane;Platanus;x hispanica;;205;20;Adulte;NON;48.82815970240568,2.3011461256680175
286568;Arbre;Alignement;PARIS 9E ARRDT;23;;PLACE DU DELTA;000501001;Pommier à fleurs;Malus;tschonoskii;;70;6;Adulte;NON;48.88316955845297,2.3466637788512283
2014260;Arbre;Alignement;PARIS 13E ARRDT;;;RUE CORVISART;000501014;Erable;Acer;campestre;;30;5;Jeune (arbre);NON;48.829989743279846,2.349301686386392
141204;Arbre;CIMETIERE;VAL-DE-MARNE;;;CIMETIERE D''IVRY / AVENUE LATERALE N1 / DIV 11;A12800011002;Erable;Acer;platanoides;;31;6;Jeune (arbre);NON;48.811963414980276,2.3694261983164715
278312;Arbre;Alignement;PARIS 13E ARRDT;;;AVENUE CAFFIERI;000301048;Charme;Carpinus;betulus;''Fastigiata'';75;10;Jeune (arbre)Adulte;NON;48.81925383221784,2.3492751428505967
279602;Arbre;Alignement;PARIS 17E ARRDT;;;AVENUE DE VILLIERS;000101007;Platane;Platanus;x hispanica;;184;16;Adulte;NON;48.8816564282833,2.31454485255791
288259;Arbre;Alignement;PARIS 12E ARRDT;;;BOULEVARD DIDEROT;003701002;Platane;Platanus;x hispanica;;70;10;Jeune (arbre)Adulte;NON;48.84769230722928,2.389232087498392
295824;Arbre;Alignement;PARIS 13E ARRDT;;;PLACE NATIONALE;000101001;Tilleul;Tilia;tomentosa;;80;10;Jeune (arbre)Adulte;NON;48.828915194589804,2.3654392671353763
233522;Arbre;Alignement;PARIS 14E ARRDT;166;;RUE D ALESIA;002202030;Sophora;Sophora;japonica;;35;5;Jeune (arbre);NON;48.831694543469624,2.314947169999506
242771;Arbre;Alignement;PARIS 13E ARRDT;;;BOULEVARD VINCENT AURIOL;001103008;Platane;Platanus;occidentalis;;100;18;Adulte;NON;48.83244217073186,2.361133566626508
141857;Arbre;CIMETIERE;PARIS 18E ARRDT;;;CIMETIERE DE MONTMARTRE / AVENUE HECTOR BERLIOZ / DIV 21;A12000021004;Erable;Acer;platanoides;;60;7;Jeune (arbre);NON;48.88779687470123,2.330491325599876
166494;Arbre;CIMETIERE;VAL-DE-MARNE;;;CIMETIERE DE THIAIS / AVENUE M / DIV 46;A13400046008;Sophora;Sophora;japonica;;0;0;;;48.76175487747073,2.374767587411623
171384;Arbre;CIMETIERE;PARIS 18E ARRDT;;;CIMETIERE DE MONTMARTRE / AVENUE HALEVY / DIV 3;A11900003016;Orme;Ulmus;;RESISTA;84;11;Jeune (arbre)Adulte;NON;48.88755801705604,2.3318927667517135
264301;Arbre;Alignement;PARIS 16E ARRDT;169;;AVENUE VICTOR HUGO;001501018;Platane;Platanus;x hispanica;;20;5;Jeune (arbre);NON;48.86626676101813,2.277478437243799
218962;Arbre;Alignement;PARIS 16E ARRDT;3;;RUE DE CHAILLOT;000101008;Platane;Platanus;x hispanica;;20;5;Jeune (arbre);NON;48.866003741653714,2.296073733835792
229143;Arbre;Alignement;PARIS 18E ARRDT;f21;;RUE ORDENER;000202022;Poirier à fleurs;Pyrus;calleryana;''Chanticleer'';49;8;Jeune (arbre)Adulte;NON;48.890442890919616,2.356081907822203
128962;Arbre;Jardin;PARIS 15E ARRDT;;;PARC ANDRE CITROEN;00030057;Magnolia;Magnolia;grandiflora;;0;0;;;48.84083028425043,2.2769571202958763
140352;Arbre;CIMETIERE;PARIS 20E ARRDT;;;CIMETIERE DU PERE LACHAISE / DIV 43;D00000043018;Erable;Acer;campestre;;35;3;Adulte;NON;48.86093704847931,2.3953529451068425
142024;Arbre;CIMETIERE;PARIS 14E ARRDT;;;CIMETIERE DE MONTPARNASSE GRAND / DIV 4;D00000004011;Erable;Acer;platanoides;;85;10;Jeune (arbre)Adulte;NON;48.83826449137734,2.32525869308716
279992;Arbre;Alignement;PARIS 8E ARRDT;;;COURS LA REINE;000606013;Marronnier;Aesculus;hippocastanum;;212;20;Adulte;NON;48.86499386606316,2.3112785756846526
290793;Arbre;Alignement;PARIS 12E ARRDT;f 103;;RUE DE REUILLY;001402007;Platane;Platanus;x hispanica;;175;15;Adulte;NON;48.84281608068171,2.3918547928172953
297737;Arbre;Alignement;PARIS 12E ARRDT;;;COURS DE VINCENNES;000204017;Marronnier;Aesculus;hippocastanum;;50;5;Jeune (arbre)Adulte;NON;48.84768191834989,2.4009809046818416
302447;Arbre;Alignement;PARIS 10E ARRDT;40;;BOULEVARD DE BONNE NOUVELLE;000802013;Sophora;Sophora;japonica;;162;15;Adulte;NON;48.87065209190176,2.3485584040581076
2003020;Arbre;Alignement;BOIS DE VINCENNES;;;ROUTE DE LA PYRAMIDE;001002034;Erable;Acer;platanoides;;50;5;Jeune (arbre)Adulte;NON;48.83596125973408,2.442499663121448
2033410;Arbre;Jardin;PARIS 17E ARRDT;;;JARDINIERES DE LA RUE SEVERIANO DE HEREDIA / 3 RUE SEVERIANO DE HEREDIA;000102021;Bouleau;Betula;pendula;;35;5;Jeune (arbre);NON;48.88796497027651,2.3118729583454485
205601;Arbre;Alignement;PARIS 8E ARRDT;;;COURS ALBERT 1ER;000101040;Marronnier;Aesculus;hippocastanum;''Baumannii'';20;5;;NON;48.864590636570625,2.307311479416763
210038;Arbre;Alignement;PARIS 13E ARRDT;;;BOULEVARD ARAGO;001501031;Marronnier;Aesculus;hippocastanum;''Baumannii'';70;8;Jeune (arbre)Adulte;NON;48.83477733873966,2.342615981684242
228893;Arbre;Alignement;PARIS 13E ARRDT;;;BOULEVARD KELLERMANN;000101007;Poirier à fleurs;Pyrus;calleryana;''Chanticleer'';45;6;Jeune (arbre);NON;48.81889406213774,2.358561481372053
234631;Arbre;Alignement;PARIS 14E ARRDT;15;;PASSAGE TENAILLE;000101013;Tilleul;Tilia;x europaea;''Pallida'';90;10;Jeune (arbre);NON;48.83365396760184,2.3257083543196
102085;Arbre;Jardin;PARIS 19E ARRDT;;;PARC DES BUTTES CHAUMONT;H63H0007;Céphalotaxe;Cephalotaxus;harringtonii;;135;0;;;48.88113320395738,2.3813779877910903
107952;Arbre;Jardin;PARIS 7E ARRDT;Canton 01;;JARDIN DU CHAMP DE MARS ET PELOUSES DE L ECOLE MILITAIRE / ALLEE LEON BOURGEOIS;A00102002;Marronnier;Aesculus;hippocastanum;;34;6;Jeune (arbre)Adulte;NON;48.8576134952863,2.2919960509789696
126863;Arbre;Jardin;PARIS 15E ARRDT;;;JARDIN DE LA RUE QUINTINIE;00000028;Troëne;Ligustrum;japonicum;;20;5;;NON;48.83740266369989,2.304290412139055
142278;Arbre;CIMETIERE;SEINE-SAINT-DENIS;;;CIMETIERE DE PANTIN / AVENUE DES ERABLES NOIRS / DIV 130;A05100130007;Erable;Acer;platanoides;''Crimson King'';0;0;;;48.907759363491145,2.4187604550289272
156632;Arbre;CIMETIERE;VAL-DE-MARNE;;;CIMETIERE D''IVRY / AVENUE DU EST / DIV 31;A09500031005;Frêne;Fraxinus;excelsior;;36;8;Jeune (arbre);NON;48.809833802461405,2.372257838913525
165206;Arbre;CIMETIERE;PARIS 16E ARRDT;;;CIMETIERE D AUTEUIL / DIV 05;D00000005003;Cerisier à fleurs;Prunus;;''Accolade'';118;5;Adulte;NON;48.840964837596225,2.25882861818705
196766;Arbre;PERIPHERIQUE;PARIS 16E ARRDT;;;TALUS N°15-02;091502026;Robinier;Robinia;pseudoacacia;;75;10;;NON;48.86702928992318,2.268562925106033
200536;Arbre;DJS;PARIS 12E ARRDT;;;TERRAIN EDUCATION PHYSIQUE LOUIS BRAILLE / 24 RUE LOUIS BRAILLE;000101019;Prunier à fleurs;Prunus;cerasifera;''Pissardii'';40;5;Jeune (arbre)Adulte;NON;48.8392403420856,2.4028856881848153
259601;Arbre;Alignement;PARIS 16E ARRDT;;;BOULEVARD MURAT;001501001;Sophora;Sophora;japonica;;120;15;Adulte;NON;48.83709914294735,2.260620064991144
260130;Arbre;Alignement;PARIS 17E ARRDT;;;AVENUE MAC MAHON;000103001;Platane;Platanus;x hispanica;;74;10;Jeune (arbre)Adulte;NON;48.87487546273352,2.2946715913699745
264580;Arbre;Alignement;PARIS 16E ARRDT;;;AVENUE VICTOR HUGO;000301004;Platane;Platanus;x hispanica;;132;20;Adulte;NON;48.872754020245345,2.292813397923043
290582;Arbre;Alignement;PARIS 12E ARRDT;;;PLACE LEONARD BERNSTEIN;000204005;Platane;Platanus;x hispanica;;275;20;Adulte;NON;48.837497333440886,2.3813600696014365
297869;Arbre;Alignement;PARIS 12E ARRDT;;;COURS DE VINCENNES;000204008;Marronnier;Aesculus;hippocastanum;;100;10;Adulte;NON;48.84776655270295,2.4000127327847065
121904;Arbre;Jardin;PARIS 20E ARRDT;;;SQUARE EDOUARD VAILLANT / 50 AVENUE GAMBETTA;000101004;Magnolia;Magnolia;grandiflora;;55;4;Jeune (arbre)Adulte;NON;48.86574181947245,2.39974659949888
108122;Arbre;Jardin;PARIS 7E ARRDT;Canton 03 / SETE;;JARDIN DU CHAMP DE MARS ET PELOUSES DE L ECOLE MILITAIRE / SETE;P00301002;Fevier;Gleditsia;triacanthos;;38;6;Jeune (arbre);NON;48.859246374642105,2.294464501770197
117304;Arbre;Jardin;PARIS 20E ARRDT;;;SQUARE PLACE DE LA REUNION / 61 PLACE DE LA REUNION;000101004;Pin;Pinus;pinea;;47;0;Jeune (arbre)Adulte;NON;48.85608747094618,2.400996492092377
118580;Arbre;Jardin;PARIS 20E ARRDT;;;JARDIN DE LA RUE NOEL BALLAY / 2 RUE NOEL BALLAY;000102009;Savonnier;Koelreuteria;paniculata;;30;3;Jeune (arbre)Adulte;NON;48.8477896967231,2.4122396697947632
124656;Arbre;Jardin;PARIS 12E ARRDT;;;SQUARE VAN VOLLENHOVEN;00000004;Pterocarya;Pterocarya;fraxinifolia;;290;0;;;48.834495328616,2.4072461734365045
144099;Arbre;CIMETIERE;HAUTS-DE-SEINE;;;CIMETIERE DE BAGNEUX / AVENUE DU FORT / DIV 95;A09600095011;Erable;Acer;pseudoplatanus;;0;0;;NON;48.80202833693739,2.309118600328029
170109;Arbre;CIMETIERE;SEINE-SAINT-DENIS;;;CIMETIERE DE PANTIN / AVENUE DES TILLEULS DE HOLLANDE / DIV 38;A09000038007;Tilleul;Tilia;platyphyllos;;0;0;;;48.90446814947211,2.4058404216507556
200358;Arbre;DJS;PARIS 17E ARRDT;;;CENTRE SPORTIF LEON BIANCOTTO / 6 AV DE LA PORTE DE CLICHY;478703007;Erable;Acer;campestre;;130;10;Adulte;NON;48.89674189698316,2.3116742908365193
266599;Arbre;Alignement;PARIS 17E ARRDT;;;AVENUE EMILE ET ARMAND MASSARD;000202010;Platane;Platanus;x hispanica;;60;10;Jeune (arbre)Adulte;NON;48.88849697819659,2.2968973174054144
123164;Arbre;Jardin;PARIS 15E ARRDT;;;PARC GEORGES BRASSENS / 2 PLACE JACQUES MARETTE;00G301004;Cerisier à fleurs;Prunus;serrulata;''Kanzan'';20;5;;NON;48.832316746188916,2.3017413038403007
295235;Arbre;Alignement;PARIS 5E ARRDT;9;;RUE CENSIER;000101007;Marronnier;Aesculus;x carnea;;25;5;Jeune (arbre);NON;48.840899787190914,2.355183351279581
205052;Arbre;Alignement;PARIS 13E ARRDT;;;PASSAGE NATIONAL;000101006;Marronnier;Aesculus;x carnea;''Briotii'';60;8;Jeune (arbre)Adulte;NON;48.82335294291197,2.368698720126672
230791;Arbre;Alignement;PARIS 11E ARRDT;;;BOULEVARD DE MENILMONTANT;000202018;Sophora;Sophora;japonica;;90;15;Jeune (arbre)Adulte;NON;48.86091491309596,2.3883847622557903
238916;Arbre;Alignement;PARIS 14E ARRDT;;;ALLEE GEORGES BESSE;000201043;Sophora;Sophora;japonica;;60;7;Jeune (arbre);NON;48.840604566583856,2.3264383272537454
121628;Arbre;Jardin;PARIS 14E ARRDT;;;SQUARE DU SERMENT DE KOUFRA;00000170;Pin;Pinus;nigra subsp. nigra;;115;10;Jeune (arbre)Adulte;NON;48.82126916307678,2.323330750330489
130008;Arbre;Jardin;PARIS 15E ARRDT;Espace stabilisé;;SQUARE GARIBALDI / 141 BOULEVARD DE GRENELLE;000101014;Tilleul;Tilia;tomentosa;;65;6;Jeune (arbre)Adulte;NON;48.84847103985166,2.3018006929014283
249224;Arbre;Alignement;PARIS 20E ARRDT;64;;AVENUE GAMBETTA;001802009;Tilleul;Tilia;tomentosa;;105;14;Adulte;NON;48.86875624713099,2.4019183673669198
277974;Arbre;Alignement;PARIS 7E ARRDT;;;AVENUE DE SEGUR;000301003;Platane;Platanus;x hispanica;;50;1;Jeune (arbre)Adulte;NON;48.851531789396304,2.310090430155931
2010610;Arbre;Jardin;BOIS DE VINCENNES;;;PARC FLORAL DE PARIS / ROUTE DE LA PYRAMIDE;00020024;Cèdre;Cedrus;libani subsp. atlantica;;100;10;Adulte;NON;48.839069276876614,2.438805840763182
255116;Arbre;Alignement;PARIS 15E ARRDT;N°21;;RUE DES FRERES MORANE;000101009;Tilleul;Tilia;tomentosa;''Brabant'';20;5;;NON;48.842331653363246,2.2922495822035107
2038183;Arbre;Jardin;PARIS 9E ARRDT;13;;JARDINIERE DE LA RUE DES MARTYRS / 13-15 RUE DES MARTYRS;000107001;Amélanchier;Amelanchier;arborea;''Robin Hill'';20;5;;NON;48.87776638059588,2.3394645859131717
233252;Arbre;Alignement;PARIS 19E ARRDT;;;RUE DE BELLEVILLE;000203003;Sophora;Sophora;japonica;;90;10;Adulte;NON;48.875418029434044,2.396171622214104
289167;Arbre;Alignement;PARIS 12E ARRDT;;;RUE DE LYON;000602011;Platane;Platanus;x hispanica;;70;10;Adulte;NON;48.84900628609222,2.371097068840794
101676;Arbre;Jardin;PARIS 19E ARRDT;;;PARC DES BUTTES CHAUMONT;C0160007;Pin;Pinus;nigra;;105;10;Jeune (arbre)Adulte;NON;48.87973677478702,2.3880245733828875
156946;Arbre;CIMETIERE;HAUTS-DE-SEINE;;;CIMETIERE DE BAGNEUX / AVENUE DE LA FRENAIE / DIV 94;A02700094008;Frêne;Fraxinus;excelsior;;0;0;;NON;48.805080704012965,2.3039480857761743
167322;Arbre;CIMETIERE;SEINE-SAINT-DENIS;;;CIMETIERE DE PANTIN / AVENUE DES SOPHORAS / DIV 1;A08600001005;Sophora;Sophora;japonica;;0;0;;NON;48.908395318764114,2.401955128864326
190289;Arbre;DFPE;PARIS 4E ARRDT;;;BASSOMPIERRE (1-3);26600003;Erable;Acer;platanoides;;110;10;Adulte;NON;48.85076677923318,2.366551377019102
194070;Arbre;PERIPHERIQUE;PARIS 18E ARRDT;;;TALUS N°23-11;092311116;Marronnier;Aesculus;pavia;;160;10;Adulte;NON;48.90051169854313,2.360057569874006
298961;Arbre;Alignement;PARIS 11E ARRDT;;;AVENUE LEDRU ROLLIN;002402006;Platane;Platanus;x hispanica;;130;15;Adulte;NON;48.85701762844174,2.3795580858237635
308087;Arbre;Jardin;PARIS 8E ARRDT;Secteur Marigny;;JARDINS DES CHAMPS ELYSEES - SQUARE MARIGNY / 41 AVENUE GABRIEL;000108004;Mûrier;Morus;alba;''Fruitless'';96;6;Adulte;NON;48.869250246817316,2.3122949456114665
2003716;Arbre;Alignement;BOIS DE VINCENNES;;;ROUTE DE LA PYRAMIDE;000703032;Tilleul;Tilia;tomentosa;;130;12;Adulte;NON;48.82871611008199,2.4520213533439734
2004073;Arbre;Alignement;BOIS DE VINCENNES;;;AVENUE DE NOGENT;000802003;Marronnier;Aesculus;hippocastanum;''Baumannii'';60;8;Jeune (arbre);NON;48.84385060978782,2.4468499553901095
208331;Arbre;Alignement;PARIS 13E ARRDT;;;BOULEVARD ARAGO;000204009;Marronnier;Aesculus;hippocastanum;''Baumannii'';150;20;Adulte;NON;48.836503275114595,2.3504840062637564
221338;Arbre;Alignement;PARIS 16E ARRDT;;;RUE DE REMUSAT;000201004;Platane;Platanus;x hispanica;;163;22;Adulte;NON;48.84782694935642,2.272135312040157
235856;Arbre;Alignement;PARIS 16E ARRDT;;;PLACE DE LA PORTE D AUTEUIL;000701005;Tilleul;Tilia;cordata;;84;10;Adulte;NON;48.848247836792225,2.259944116359114
242582;Arbre;Alignement;PARIS 13E ARRDT;;;BOULEVARD MASSENA;000303002;Platane;Platanus;occidentalis;;130;20;Adulte;NON;48.823192050813304,2.3746772303153847
245641;Arbre;Alignement;PARIS 16E ARRDT;;;AVENUE RAPHAEL;000404032;Marronnier;Aesculus;hippocastanum;;237;24;Mature;NON;48.85743371553512,2.266603258998193
248783;Arbre;Alignement;PARIS 20E ARRDT;;;RUE DE LA CHINE;000101032;Frêne;Fraxinus;angustifolia;''Raywood'';50;6;Jeune (arbre)Adulte;NON;48.86628170975913,2.4000441355059445
124933;Arbre;Jardin;PARIS 11E ARRDT;;;SQUARE MAURICE GARDETTE / 8 RUE GENERAL BLAISE;000303002;Pin;Pinus;nigra subsp. nigra;;80;20;;NON;48.86132462641275,2.3794488505924467
158057;Arbre;CIMETIERE;HAUTS-DE-SEINE;;;CIMETIERE DE BAGNEUX / AVENUE DES FRENES MONOPHYLLES / DIV 25;A05800025002;Frêne;Fraxinus;excelsior;''Diversifolia'';0;0;;;48.80689559780985,2.3131864393694386
158159;Arbre;CIMETIERE;HAUTS-DE-SEINE;;;CIMETIERE DE BAGNEUX / AVENUE DES FRENES MONOPHYLLES / DIV 40;A05800040004;Frêne;Fraxinus;excelsior;''Diversifolia'';0;0;;;48.80917432722387,2.3074707693977192
257338;Arbre;Alignement;PARIS 20E ARRDT;;;PLACE ALPHONSE ALLAIS;000202002;Mûrier;Morus;alba;;125;8;Adulte;NON;48.87048028114624,2.381889607426625
269761;Arbre;Alignement;PARIS 12E ARRDT;;;AVENUE DAUMESNIL;002101014;Platane;Platanus;x hispanica;;90;10;Adulte;NON;48.840019469540906,2.394280123178399
2020453;Arbre;Jardin;PARIS 17E ARRDT;;;PARC CLICHY-BATIGNOLLES-MARTIN LUTHER KING;000J11002;Cerisier à fleurs;Prunus;serrulata;''Sunset Boulevard'';43;6;Jeune (arbre)Adulte;NON;48.89291087119974,2.3115279524870274
2024646;Arbre;Jardin;BOIS DE VINCENNES;;;ARBORETUM DE L ECOLE DU BREUIL - ROUTE DE LA FERME / ROUTE DE LA PYRAMIDE;720030008;Marronnier;Aesculus;x neglecta;;0;0;;NON;48.82073757930609,2.4547538476526825
233159;Arbre;Alignement;PARIS 16E ARRDT;;;AVENUE DE VERSAILLES;002802025;Sophora;Sophora;japonica;;50;6;Jeune (arbre)Adulte;NON;48.83859080944688,2.2592460768520195
122029;Arbre;Jardin;PARIS 20E ARRDT;;;SQUARE DES GRES;00000008;Cerisier à fleurs;Prunus;maackii;;15;3;Jeune (arbre);NON;48.85954518915152,2.4059442056213842
292525;Arbre;Alignement;PARIS 18E ARRDT;26;;RUE CUSTINE;000402011;Tilleul;Tilia;cordata;''Greenspire'';20;5;;NON;48.888673902021736,2.3472126255447816
224693;Arbre;Alignement;PARIS 15E ARRDT;N°243;;RUE SAINT CHARLES;003101020;Platane;Platanus;x hispanica;;45;8;Jeune (arbre)Adulte;NON;48.837219282885684,2.2774152607545277
215168;Arbre;Alignement;PARIS 14E ARRDT;;;AVENUE PAUL APPELL;000602001;Fevier;Gleditsia;triacanthos;''Skyline'';50;6;Jeune (arbre);NON;48.821877759396806,2.3264886398201168
220906;Arbre;Alignement;PARIS 16E ARRDT;;;BOULEVARD DE L AMIRAL BRUIX;000103020;Platane;Platanus;x hispanica;;160;18;Adulte;NON;48.875829273929426,2.281598367731023
221131;Arbre;Alignement;PARIS 14E ARRDT;;;BOULEVARD SAINT JACQUES;000202008;Platane;Platanus;x hispanica;;95;10;Jeune (arbre);NON;48.833449383863915,2.3354617891464273
187119;Arbre;DASCO;PARIS 11E ARRDT;;;BELLEVILLE (77) ELEM A;11690003;Platane;Platanus;x hispanica;;160;15;Adulte;NON;48.87103035666065,2.377453333911024
192267;Arbre;PERIPHERIQUE;PARIS 16E ARRDT;;;TALUS N°13-04;091304012;Charme;Carpinus;betulus;;60;10;;;48.8591736879507,2.261131243638434
200186;Arbre;DJS;PARIS 15E ARRDT;;;CENTRE SPORTIF CHARLES RIGOULOT / 18 AVENUE DE LA PORTE BRANCION;000105009;Tilleul;Tilia;cordata;;135;16;Adulte;NON;48.82709107570826,2.2973132805875234
2003795;Arbre;Alignement;BOIS DE VINCENNES;;;ROUTE DE LA PYRAMIDE;000703111;Tilleul;Tilia;tomentosa;;130;10;Adulte;NON;48.83244609693465,2.44702724732757
2004351;Arbre;Alignement;BOIS DE VINCENNES;;;ROUTE DE LA DAME BLANCHE;000101114;Marronnier;Aesculus;hippocastanum;;100;9;Jeune (arbre)Adulte;NON;48.84416798478862,2.4524848619334123
262255;Arbre;Alignement;PARIS 16E ARRDT;;;QUAI SAINT EXUPERY;000301015;Platane;Platanus;x hispanica;;24;5;Jeune (arbre);NON;48.836047243986755,2.2636033585684934
217015;Arbre;Alignement;PARIS 13E ARRDT;;;PLACE HENRI LANGLOIS;000101003;Paulownia;Paulownia;tomentosa;;55;5;Jeune (arbre)Adulte;NON;48.830864873152635,2.3553243960084265
221924;Arbre;Alignement;PARIS 17E ARRDT;;;PLACE DE LA PORTE DE CHAMPERRET;000201009;Platane;Platanus;x hispanica;;150;14;Adulte;NON;48.886063296071065,2.290504698958101
229930;Arbre;Alignement;PARIS 13E ARRDT;;;BOULEVARD DE L HOPITAL;000903018;Robinier;Robinia;pseudoacacia;;110;12;Adulte;NON;48.83775193425444,2.360424216478731
115446;Arbre;Jardin;PARIS 13E ARRDT;;;SQUARE GUSTAVE MESUREUR / 105 RUE JEANNE D ARC;000104001;Robinier;Robinia;pseudoacacia;;130;15;;NON;48.83367051448999,2.362192437284319
125045;Arbre;Jardin;PARIS 4E ARRDT;;;SQUARE JEAN XXIII / 2 QUAI DE L ARCHEVECHE;000104002;Tilleul;Tilia;tomentosa;;185;8;Adulte;NON;48.852474175190856,2.3508586267783427
130484;Arbre;Jardin;PARIS 15E ARRDT;;;PARC ANDRE CITROEN;00080354;Hêtre;Fagus;sylvatica;;0;0;;;48.841962100281336,2.2741299668613584
185888;Arbre;DFPE;PARIS 13E ARRDT;;;AUGUSTE BLANQUI (69);25650001;Erable;Acer;negundo;;55;6;Jeune (arbre);NON;48.82919775620141,2.3485006449790444
259106;Arbre;Alignement;PARIS 15E ARRDT;N°69;;AVENUE EMILE ZOLA;000901001;Sophora;Sophora;japonica;;85;10;Adulte;NON;48.84661839821191,2.2862822818009376
269931;Arbre;Alignement;PARIS 12E ARRDT;;;AVENUE DAUMESNIL;002701014;Platane;Platanus;x hispanica;;125;10;Adulte;NON;48.83767782288932,2.4010157237582184
280102;Arbre;Alignement;PARIS 8E ARRDT;;;AVENUE DES CHAMPS ELYSEES;001402014;Platane;Platanus;x hispanica;;87;12;Adulte;NON;48.872449581766936,2.2997074872404877
282948;Arbre;Alignement;PARIS 12E ARRDT;;;BOULEVARD DE LA GUYANE;000101045;Marronnier;Aesculus;hippocastanum;;40;5;Jeune (arbre);NON;48.836481839041646,2.4126896849610375
294800;Arbre;Alignement;PARIS 5E ARRDT;5;;PLACE JUSSIEU;000301008;Catalpa;Catalpa;bignonioides;;75;10;Jeune (arbre)Adulte;NON;48.845754493277376,2.354842497022219
297500;Arbre;Alignement;PARIS 17E ARRDT;;;AVENUE DES TERNES;000701002;Platane;Platanus;x hispanica;;93;12;Adulte;NON;48.879401889850335,2.2904504241536605
2006100;Arbre;Alignement;BOIS DE VINCENNES;;;AVENUE DES TRIBUNES;000101068;Platane;Platanus;x hispanica;;20;5;Jeune (arbre);NON;48.829181439619575,2.4255342280855183
238196;Arbre;Alignement;PARIS 12E ARRDT;6;;AVENUE DU TRONE;000204004;Marronnier;Aesculus;n. sp.;;30;5;Jeune (arbre);NON;48.84788877998615,2.397874480344545
212275;Arbre;Alignement;PARIS 3E ARRDT;3;;RUE DE BRETAGNE;000301003;Micocoulier;Celtis;australis;;80;8;Adulte;NON;48.86209446466742,2.363981460127266
221348;Arbre;Alignement;PARIS 16E ARRDT;14;;RUE DE REMUSAT;000201014;Platane;Platanus;x hispanica;;143;16;Adulte;NON;48.84804031117355,2.2711301335366465
222026;Arbre;Alignement;PARIS 17E ARRDT;;;AVENUE DE SAINT OUEN;000501009;Platane;Platanus;x hispanica;;70;9;Jeune (arbre)Adulte;NON;48.89241051702306,2.3271349480253303
101103;Arbre;Jardin;PARIS 12E ARRDT;Palais Omnisport de Paris Bercy;;PARC DE BERCY / 128 QUAI DE BERCY;A00105062;Tulipier;Liriodendron;tulipifera;;125;15;Adulte;NON;48.837153741451395,2.379174808570352
145795;Arbre;CIMETIERE;VAL-DE-MARNE;;;CIMETIERE DE THIAIS / AVENUE DU POURTOUR EST / DIV F82;A09900F82131;Erable;Acer;pseudoplatanus;;0;0;;;48.76060425454121,2.3820035591630706
146130;Arbre;CIMETIERE;VAL-DE-MARNE;;;CIMETIERE DE THIAIS / AVENUE DU POURTOUT OUEST / DIV 35;A10400035006;Erable;Acer;pseudoplatanus;;60;7;Jeune (arbre)Adulte;NON;48.761616109899606,2.371044382451405
195108;Arbre;PERIPHERIQUE;PARIS 18E ARRDT;;;TALUS N°23-10;092310138;Peuplier;Populus;nigra;''Italica'';170;23;Adulte;NON;48.9011238260857,2.3636883059242546
262074;Arbre;Alignement;PARIS 4E ARRDT;;;PLACE LOUIS LEPINE;000301016;Catalpa;Catalpa;bignonioides;;190;20;Adulte;NON;48.85556004021991,2.347514157140747
262136;Arbre;Alignement;PARIS 4E ARRDT;;;RUE RAMBUTEAU;000701010;Platane;Platanus;x hispanica;;85;10;Jeune (arbre)Adulte;NON;48.86147066105785,2.352325798790971
2028008;Arbre;DASCO;PARIS 20E ARRDT;;;ECOLE MATERNELLE / 8 RUE LE VAU;087304004;Erable;Acer;tataricum subsp. ginnala;;25;6;Jeune (arbre);NON;48.86733280499537,2.4123804833830085
2033874;Arbre;Jardin;PARIS 18E ARRDT;Talus Ronsard;;SQUARE LOUISE MICHEL / 6 PLACE SAINT PIERRE;000601028;Tilleul;Tilia;cordata;;20;5;Jeune (arbre);NON;48.88496656021832,2.3440350053482475
237774;Arbre;Alignement;PARIS 20E ARRDT;111;;BOULEVARD MORTIER;001101010;Platane;Platanus;x hispanica;;50;6;Jeune (arbre)Adulte;NON;48.87156520339099,2.4085459521353383
105796;Arbre;Jardin;PARIS 13E ARRDT;Mail / Plateau-rideau;;PARC DE CHOISY / 1 RUE GEORGE EASTMAN;000117002;Marronnier;Aesculus;hippocastanum;;155;8;;NON;48.82764130655697,2.3610039825486497
109274;Arbre;Jardin;PARIS 1ER ARRDT;Mail - Allée Blaise Cendrars;;JARDIN NELSON MANDELA / 32 RUE BERGER;E00102016;Tilleul;Tilia;x europaea;;60;5;Adulte;NON;48.86219779812491,2.343526062775563
128160;Arbre;Jardin;PARIS 17E ARRDT;;;SQUARE ANDRE ULMANN;00000002;Platane;Platanus;x hispanica;;196;9;Adulte;NON;48.88911234153476,2.298162951796154
133422;Arbre;Jardin;PARIS 15E ARRDT;;;SQUARE BELA BARTOK;00000090;Magnolia;Magnolia;grandiflora;;0;0;;;48.85095827797769,2.2855858978422705
133813;Arbre;Jardin;PARIS 15E ARRDT;;;JARDIN ALLERAY PROCESSION / 79 RUE D ALLERAY;000101029;Tilleul;Tilia;tomentosa;;75;0;;NON;48.8368131233765,2.3081556750369185
147451;Arbre;CIMETIERE;PARIS 20E ARRDT;;;CIMETIERE DU PERE LACHAISE / AVENUE TRANSVERSALE N1 / DIV 45;A14900045002;Marronnier;Aesculus;hippocastanum;;40;6;Jeune (arbre)Adulte;NON;48.86218950177262,2.3941545677844225
118382;Arbre;Jardin;PARIS 18E ARRDT;;;SQUARE DE LA RUE HENRI HUCHARD / 25 RUE LOUIS PASTEUR VALLERY RADOT;000101001;Aubepine;Crataegus;n. sp.;;20;5;;NON;48.89993959720363,2.3303083979321446
133941;Arbre;Jardin;PARIS 15E ARRDT;;;JARDIN DE LA RUE QUINTINIE;00000012;Erable;Acer;negundo;;90;0;;;48.83720869045015,2.3043435337359033
147919;Arbre;CIMETIERE;SEINE-SAINT-DENIS;;;CIMETIERE DE SAINT-OUEN NOUV / AVENUE LATERALE N1 / DIV 11;A12800011007;Marronnier;Aesculus;hippocastanum;;103;10;Adulte;NON;48.90732893009764,2.3489280026552137
150997;Arbre;CIMETIERE;SEINE-SAINT-DENIS;;;CIMETIERE DE PANTIN / AVENUE DES MARRONNIERS ROUGES / DIV 3;A06600003009;Marronnier;Aesculus;x carnea;;0;0;;NON;48.90747694842691,2.401458122672123
151185;Arbre;CIMETIERE;SEINE-SAINT-DENIS;;;CIMETIERE DE PANTIN / AVENUE DES VERNIS / DIV 25;A09100025007;Ailante;Ailanthus;altissima;;0;0;;;48.90709306870792,2.405028213149042
250368;Arbre;Alignement;PARIS 19E ARRDT;;;RUE MANIN;000901005;Marronnier;Aesculus;x carnea;''Briotii'';60;5;Jeune (arbre)Adulte;NON;48.88209554659368,2.3814664803039096
213848;Arbre;Alignement;BOIS DE BOULOGNE;candélabre XVI 9093;;ALLEE DE LONGCHAMP;000601024;Erable;Acer;campestre;''Elsrijk'';20;4;;NON;48.8734141298451,2.266675027739522
2021660;Arbre;Alignement;PARIS 16E ARRDT;;;AVENUE DODE DE LA BRUNERIE;000101002;Erable;Acer;campestre;;32;5;Jeune (arbre);NON;48.83623669076601,2.2574514733529933
2029865;Arbre;Alignement;PARIS 18E ARRDT;;;BOULEVARD NEY;002802006;Platane;Platanus;x hispanica;;30;5;Jeune (arbre);NON;48.89783382898883,2.332814744633105
2037428;Arbre;Jardin;PARIS 19E ARRDT;Entrée Rue de la Gare;;PROMENADE DE LA FORET LINEAIRE NORD / 25 QUAI DU LOT;000204027;Chêne;Quercus;ilex;;25;3;Jeune (arbre);NON;48.90063378028559,2.3780919571999117
2038001;Arbre;Jardin;PARIS 19E ARRDT;;;PARC DES BUTTES CHAUMONT;A00101014;Noyer;Juglans;nigra;;27;6;;NON;48.879742619779,2.38880608116944
214216;Arbre;Alignement;PARIS 14E ARRDT;92;;RUE DE L AMIRAL MOUCHEZ;000804008;Frêne;Fraxinus;angustifolia;''Monophylla'';75;7;Jeune (arbre);NON;48.8203625203039,2.343674131366536
236521;Arbre;Alignement;PARIS 15E ARRDT;108;;BOULEVARD DE GRENELLE;000602006;Poirier à fleurs;Pyrus;calleryana;;40;6;Jeune (arbre)Adulte;NON;48.84950995044397,2.296270373712739
237982;Arbre;Alignement;PARIS 18E ARRDT;;;AVENUE DE LA PORTE DE CLIGNANCOURT;000406009;Cerisier à fleurs;Prunus;japonica;;28;5;Jeune (arbre);NON;48.89979955490272,2.3445649579160786
123782;Arbre;Jardin;PARIS 18E ARRDT;;;JARDIN DU 28 RUE DE GABRIELLE;00000039;Robinier;Robinia;pseudoacacia;;95;0;;;48.88609367487833,2.3400197657748065
130220;Arbre;Jardin;PARIS 15E ARRDT;;;PARC ANDRE CITROEN;00080059;Laurier du Portugal;Prunus;lusitanica;;0;0;;;48.843011316508964,2.2747293357476592
277283;Arbre;Alignement;PARIS 7E ARRDT;;;AVENUE CHARLES FLOQUET;000101010;Marronnier;Aesculus;x carnea;;40;7;Jeune (arbre)Adulte;NON;48.856218909401164,2.294386799203813
288868;Arbre;Alignement;PARIS 12E ARRDT;;;RUE CHALIGNY;000301037;Marronnier;Aesculus;x carnea;;45;5;Jeune (arbre)Adulte;NON;48.849556881654586,2.38415058969056
2021174;Arbre;Alignement;PARIS 17E ARRDT;;;RUE GILBERT CESBRON;000301004;Cerisier à fleurs;Prunus;serrulata;''Sunset Boulevard'';20;5;;NON;48.89285287774655,2.3138413516676684
2023521;Arbre;Jardin;BOIS DE VINCENNES;;;ARBORETUM DE L ECOLE DU BREUIL - ROUTE DE LA FERME / ROUTE DE LA PYRAMIDE;719480235;Erable;Acer;tataricum subsp. ginnala;;0;0;;NON;48.82039574608148,2.4558219118617592
2026883;Arbre;Jardin;PARIS 14E ARRDT;;;SQUARE JULIA BARTET / 3 RUE JULIA BARTET;000106008;Non spécifié;Non spécifié;n. sp.;;0;0;;NON;48.825559614013116,2.3025791204418753
2028138;Arbre;Alignement;PARIS 12E ARRDT;;;RUE JORGE SEMPRUN;000202009;Fevier;Gleditsia;triacanthos;;40;5;Jeune (arbre);NON;48.84117832948335,2.3847492425394248
209834;Arbre;Alignement;PARIS 7E ARRDT;71;;QUAI D ORSAY;000302044;Marronnier;Aesculus;hippocastanum;''Baumannii'';140;15;Adulte;NON;48.86239344849124,2.305678065029625
229301;Arbre;Alignement;PARIS 3E ARRDT;91;;RUE BEAUBOURG;001501001;Chêne;Quercus;ilex;;58;7;Adulte;NON;48.864376076774,2.355099915274635
230904;Arbre;Alignement;PARIS 14E ARRDT;64;;RUE D ALESIA;001402005;Sophora;Sophora;japonica;;55;6;Jeune (arbre);NON;48.82814965538301,2.3260104525155625
247434;Arbre;Alignement;PARIS 14E ARRDT;;;AVENUE GEORGES LAFENESTRE;000602020;Noyer;Juglans;nigra;;50;4;Jeune (arbre);NON;48.82431392592863,2.309488210851747
101145;Arbre;Jardin;PARIS 12E ARRDT;La grande terrasse;;PARC DE BERCY / 128 QUAI DE BERCY;F00201018;Tilleul;Tilia;x europaea;''Pallida'';70;10;;NON;48.83519891128108,2.3810183095654973
103477;Arbre;Jardin;PARIS 19E ARRDT;;;PARC DES BUTTES CHAUMONT;I0040036;Fevier;Gleditsia;triacanthos;;50;5;;;48.88063269931394,2.383192212915394
118913;Arbre;Jardin;PARIS 6E ARRDT;;;SQUARE DE L EGLISE NOTRE DAME DES CHAMPS / 91 BOULEVARD DU MONTPARNASSE;000101006;Erable;Acer;negundo;;100;9;;NON;48.84340832356441,2.3268591451075182
130072;Arbre;Jardin;PARIS 15E ARRDT;;;SQUARE DE LA PORTE DE LA PLAINE / 2 PLACE DES INSURGES DE VARSOVIE;000101002;Prunier à fleurs;Prunus;cerasifera;;0;0;;;48.82895790675624,2.292744824228947
144163;Arbre;CIMETIERE;HAUTS-DE-SEINE;;;CIMETIERE DE BAGNEUX / AVENUE DU FORT / DIV 41;A09600041001;Erable;Acer;pseudoplatanus;;0;0;;;48.805551618654924,2.3127053957014687
144432;Arbre;CIMETIERE;PARIS 18E ARRDT;;;CIMETIERE DE MONTMARTRE / AVENUE SAMSON / DIV 23;A14400023001;Erable;Acer;pseudoplatanus;;145;14;Adulte;NON;48.88872122805398,2.3291155151162966
151414;Arbre;CIMETIERE;HAUTS-DE-SEINE;;;CIMETIERE DE BAGNEUX / AVENUE DES AULNES / DIV 80;A04400080004;Aulne;Alnus;cordata;;0;0;;;48.8063709740563,2.3046473946101766
259158;Arbre;Alignement;PARIS 15E ARRDT;N°237;;RUE DE LA CONVENTION;003701018;Tilleul;Tilia;cordata;;35;6;Jeune (arbre);NON;48.83565982896054,2.3020912053132734
262479;Arbre;Alignement;PARIS 16E ARRDT;;;AVENUE MARCEAU;001703004;Platane;Platanus;x hispanica;;230;17;Mature;NON;48.87275356796204,2.295755499380899
2012890;Arbre;Jardin;BOIS DE VINCENNES;;;INSEP / AVENUE DU TREMBLAY;00130033;Charme;Carpinus;betulus;;30;6;Jeune (arbre);NON;48.829569167389764,2.452245365589155
2036427;Arbre;Jardin;PARIS 8E ARRDT;Secteur Marigny;;JARDINS DES CHAMPS ELYSEES - SQUARE MARIGNY / 41 AVENUE GABRIEL;000110007;Troene;Ligustrum;lucidum;;55;6;Adulte;NON;48.86944419699115,2.312328948010336
236946;Arbre;Alignement;PARIS 6E ARRDT;face au 53 ter;;QUAI DES GRANDS AUGUSTINS;000402005;Platane;Platanus;x hispanica;;60;10;Jeune (arbre)Adulte;NON;48.85567825397178,2.341151275314564
246174;Arbre;Alignement;PARIS 14E ARRDT;44;;AVENUE DU GENERAL LECLERC;000802004;Platane;Platanus;x hispanica;;180;20;Adulte;NON;48.83097995680294,2.3294430035567197
112024;Arbre;Jardin;PARIS 15E ARRDT;;;SQUARE PIERRE-ADRIEN DALPAYRAT;00000027;Bouleau;Betula;utilis;;175;0;;;48.83754895723443,2.312422400456989
136956;Arbre;Jardin;PARIS 16E ARRDT;;;JARDIN DU RANELAGH;00040194;Prunier à fleurs;Prunus;cerasifera;''Pissardii'';113;7;Adulte;NON;48.85917400171973,2.2705984588267314
192291;Arbre;PERIPHERIQUE;PARIS 16E ARRDT;;;TALUS N°13-04;091304080;Charme;Carpinus;betulus;;80;10;;;48.859898081269925,2.262607710310799
261305;Arbre;Alignement;PARIS 8E ARRDT;;;BOULEVARD MALESHERBES;001501002;Platane;Platanus;x hispanica;;85;16;Adulte;NON;48.876783200376735,2.317307967723023
261375;Arbre;Alignement;PARIS 17E ARRDT;;;RUE SAINT JUST;000402006;Micocoulier;Celtis;australis;;119;10;Adulte;NON;48.896649507179376,2.313431684541961
291482;Arbre;Alignement;PARIS 12E ARRDT;;;AVENUE DAUMESNIL;000202010;Platane;Platanus;x hispanica;;150;15;Adulte;NON;48.848926131394464,2.3717536309207836
2012018;Arbre;Jardin;PARIS 17E ARRDT;;;SQUARE SAINTE ODILE / 1 BOULEVARD DE LA SOMME;00020026;Erable;Acer;saccharinum;;152;15;Adulte;NON;48.88770819696602,2.292558752310149
2019764;Arbre;PERIPHERIQUE;PARIS 15E ARRDT;;;TALUS N°09-11;090911001;Pterocarya;Pterocarya;fraxinifolia;;30;5;;NON;48.83585395372089,2.269752005927726
2029341;Arbre;DASCO;PARIS 18E ARRDT;;;ECOLE MATERNELLE / 1 RUE PAUL ABADIE;053901007;Poirier à fruits;Pyrus;communis;''Comtesse de Paris'';5;1;;NON;48.89685487461976,2.3349085309173008
245972;Arbre;Alignement;PARIS 14E ARRDT;9;;AVENUE PAUL APPELL;000101018;Noisetier de Byzance;Corylus;colurna;;20;5;;NON;48.82139801184288,2.3277897995725976
2036326;Arbre;DJS;SEINE-SAINT-DENIS;Terrain Football;;PARC DES SPORTS INTERDEPARTEMENTAL DE BOBIGNY / 40 AVENUE DE LA DIVISION LECLERC - BOBIGNY;000501038;Copalme;Liquidambar;styraciflua;;10;3;Jeune (arbre);NON;48.90959609488043,2.4184538069034223
204905;Arbre;Alignement;PARIS 11E ARRDT;;;PLACE DES ANTILLES;000309003;Marronnier;Aesculus;n. sp.;;55;5;Jeune (arbre);NON;48.8484377937319,2.3989178470704515
225970;Arbre;Alignement;PARIS 11E ARRDT;;;BOULEVARD DE CHARONNE;000702010;Platane;Platanus;x hispanica;;50;10;Jeune (arbre);NON;48.85791157744625,2.391463426434807
215610;Arbre;Alignement;PARIS 15E ARRDT;4;;PLACE ADOLPHE CHERIOUX;000102003;Copalme;Liquidambar;styraciflua;;35;5;Jeune (arbre);NON;48.840481216291806,2.300184426482616
227186;Arbre;Alignement;PARIS 19E ARRDT;;;QUAI DE LA MARNE;001202004;Peuplier;Populus;n. sp.;;50;10;Jeune (arbre);NON;48.891881923479694,2.3866941286455656
234248;Arbre;Alignement;BOIS DE BOULOGNE;;;ALLEE DES FORTIFICATIONS;000505012;Tilleul;Tilia;cordata;''Greenspire'';75;10;Jeune (arbre)Adulte;NON;48.85547868895478,2.261941871823776
104430;Arbre;Jardin;PARIS 19E ARRDT;;;PARC DES BUTTES CHAUMONT;J0420015;If;Taxus;baccata;;50;0;;;48.879823513620664,2.384793914148701
112869;Arbre;Jardin;PARIS 20E ARRDT;;;SQUARE DE LA PAIX / 128 RUE DE LAGNY;000105054;Noisetier de Byzance;Corylus;colurna;;25;4;Jeune (arbre);NON;48.848517150896534,2.415493442086546
133847;Arbre;Jardin;PARIS 15E ARRDT;;;SQUARE NECKER;00000008;Marronnier;Aesculus;hippocastanum;;160;0;;;48.839509096741835,2.3067751517247554
141498;Arbre;CIMETIERE;HAUTS-DE-SEINE;;;CIMETIERE DE BAGNEUX / AVENUE DES ERABLES PLANES / DIV 78;A05200078005;Erable;Acer;platanoides;;0;0;;;48.80520819805015,2.305739809504083
146585;Arbre;CIMETIERE;SEINE-SAINT-DENIS;;;CIMETIERE DE PANTIN / AVENUE DES ERABLES POURPRE / DIV 108;A05300108007;Erable;Acer;pseudoplatanus;''Atropurpureum'';0;0;;;48.904657569213306,2.4133367844494127
271405;Arbre;Alignement;PARIS 7E ARRDT;88 bis;;BOULEVARD DE LA TOUR MAUBOURG;001402002;Platane;Platanus;occidentalis;;55;8;Jeune (arbre)Adulte;NON;48.85477931381872,2.3095409944666665
295319;Arbre;Alignement;PARIS 5E ARRDT;;;RUE DES FOSSES SAINT BERNARD;000101002;Platane;Platanus;x hispanica;;200;25;Jeune (arbre)Adulte;NON;48.84915811216311,2.3560255950148474
2004503;Arbre;Alignement;BOIS DE VINCENNES;;;AVENUE DAUMESNIL;000602003;Marronnier;Aesculus;hippocastanum;;110;12;Jeune (arbre);NON;48.83506413170535,2.420319095432381
203118;Arbre;Alignement;BOIS DE BOULOGNE;;;ROUTE DE LA PORTE DAUPHINE A LA PORTE DES SABLONS;000301024;Erable;Acer;campestre;;74;14;Jeune (arbre)Adulte;NON;48.87611199005913,2.270721364984101
229323;Arbre;Alignement;PARIS 16E ARRDT;;;AVENUE PAUL DOUMER;000103002;Chêne;Quercus;ilex;;64;6;Jeune (arbre)Adulte;NON;48.861777738284445,2.285064144227125
235388;Arbre;Alignement;PARIS 7E ARRDT;;;ESPLANADE DES INVALIDES;000601013;Tilleul;Tilia;tomentosa;;40;6;Jeune (arbre);NON;48.85923849908464,2.3139434548252353
238811;Arbre;Alignement;PARIS 3E ARRDT;43;;BOULEVARD BEAUMARCHAIS;000501016;Orme de Sibérie;Zelkova;serrata;;20;5;;NON;48.856722080998516,2.3681382091865038
239969;Arbre;Alignement;PARIS 14E ARRDT;;;BOULEVARD BRUNE;002602005;Platane;Platanus;x hispanica;;80;10;Jeune (arbre)Adulte;NON;48.82385366674928,2.322062972610046
101053;Arbre;Jardin;PARIS 12E ARRDT;Palais Omnisport de Paris Bercy;;PARC DE BERCY / 128 QUAI DE BERCY;A00105012;Tulipier;Liriodendron;tulipifera;;75;10;Jeune (arbre)Adulte;NON;48.837545016182865,2.378857266347959
242721;Arbre;Alignement;PARIS 13E ARRDT;;;RUE LOUISE WEISS;000301002;Marronnier;Aesculus;hippocastanum;''Baumannii'';85;10;Jeune (arbre)Adulte;NON;48.83340717221344,2.370417209767134
112850;Arbre;Jardin;PARIS 20E ARRDT;;;SQUARE DE LA PAIX / 128 RUE DE LAGNY;000105076;Frêne à fleurs;Fraxinus;ornus;;30;5;Jeune (arbre);NON;48.84845224070883,2.4157246315872114
137112;Arbre;Jardin;PARIS 17E ARRDT;;;PROMENADE BERNARD LAFAY PR C1;10010036;Cèdre;Cedrus;deodara;;74;6;Jeune (arbre)Adulte;NON;48.88974785716338,2.296623348648229
147139;Arbre;CIMETIERE;PARIS 20E ARRDT;;;CIMETIERE DU PERE LACHAISE / AVENUE DES COMBATTANTS ETRANGERS MORTS POUR LA FRANCE / DIV 84;A02800084001;Marronnier;Aesculus;hippocastanum;;185;13;Adulte;NON;48.863118087808196,2.396410829170851
170849;Arbre;CIMETIERE;SEINE-SAINT-DENIS;;;CIMETIERE DE PANTIN / AVENUE DE BOBIGNY / DIV 163;A01900163006;Tilleul;Tilia;x europaea;''Pallida'';0;0;;;48.90674181105569,2.4226283870665974
187351;Arbre;DASCO;PARIS 13E ARRDT;;;ECOLE ELEMENTAIRE / 16 RUE WURTZ;000101003;Cerisier à fleurs;Prunus;serrulata;;100;6;Adulte;NON;48.827128049464896,2.344213496990402
2022504;Arbre;Alignement;PARIS 13E ARRDT;;;RUE MADELEINE BRES;000301025;Erable;Acer;davidii;;20;5;;NON;48.82146350138585,2.348840432568333
206004;Arbre;Alignement;PARIS 8E ARRDT;;;COURS LA REINE;000302015;Marronnier;Aesculus;hippocastanum;;120;15;Adulte;NON;48.86482319217067,2.311495051479684
121621;Arbre;Jardin;PARIS 14E ARRDT;;;SQUARE DU SERMENT DE KOUFRA;00000162;Pin;Pinus;nigra;;150;10;Adulte;NON;48.82142326111879,2.3237978014873395
156200;Arbre;CIMETIERE;SEINE-SAINT-DENIS;;;CIMETIERE DE PANTIN / AVENUE DES HETRES / DIV 50;A06000050003;Hêtre;Fagus;sylvatica;;20;3;;;48.90748073739769,2.4108588681012035
166081;Arbre;CIMETIERE;PARIS 14E ARRDT;;;CIMETIERE DE MONTPARNASSE GRAND / AVENUE TRANSVERSALE / DIV 8;A14800008009;Chêne;Quercus;robur;;50;5;Jeune (arbre);NON;48.838763331119296,2.3243354710224495
169505;Arbre;CIMETIERE;PARIS 14E ARRDT;;;CIMETIERE DE MONTPARNASSE PETIT / AVENUE THIERRY / DIV 26;A14600026004;Tilleul;Tilia;x europaea;''Euchlora'';115;10;Jeune (arbre)Adulte;NON;48.83661463067272,2.329359957313308
288974;Arbre;Alignement;PARIS 12E ARRDT;;;RUE JOSEPH CHAILLEY;000202010;Noisetier de Byzance;Corylus;colurna;;95;10;Adulte;NON;48.83305422710996,2.4041555572652085
2016346;Arbre;Jardin;BOIS DE VINCENNES;;;PARC FLORAL DE PARIS / ROUTE DE LA PYRAMIDE;03160091;Pin;Pinus;nigra;;0;0;;NON;48.83931649446707,2.4457951846664963
187353;Arbre;DASCO;PARIS 13E ARRDT;;;ECOLE ELEMENTAIRE / 16 RUE WURTZ;000101005;Savonnier;Koelreuteria;paniculata;;20;5;;NON;48.82706930223687,2.344243018407834
2034025;Arbre;Alignement;PARIS 17E ARRDT;;;ALLEE COLETTE HEILBRONNER;000202013;Erable;Acer;platanoides;;30;4;Jeune (arbre);NON;48.892900000472885,2.310413922930835
217930;Arbre;Alignement;PARIS 13E ARRDT;;;BOULEVARD AUGUSTE BLANQUI;001303027;Platane;Platanus;occidentalis;;110;15;Adulte;NON;48.83132902302171,2.3419697621137314
192168;Arbre;PERIPHERIQUE;PARIS 20E ARRDT;;;TALUS N°29-09;092909017;Cèdre;Cedrus;libani;;12;10;;;48.86521813307203,2.4119583961587283
262201;Arbre;Alignement;PARIS 4E ARRDT;;;RUE SAINT MARTIN;001204013;Platane;Platanus;x hispanica;;70;10;Adulte;NON;48.86095824045832,2.3515121609782756
2024535;Arbre;Jardin;BOIS DE VINCENNES;;;ARBORETUM DE L ECOLE DU BREUIL - ROUTE DE LA FERME / ROUTE DE LA PYRAMIDE;720060110;Thuya;Thuja;occidentalis;;0;0;;NON;48.82186575421868,2.4561728276834236
214980;Arbre;Alignement;PARIS 13E ARRDT;;;AVENUE PIERRE MENDES FRANCE;000201016;Arbre aux quarante écus;Ginkgo;biloba;;60;10;Jeune (arbre);NON;48.83993049602397,2.3690841293222826
219076;Arbre;Alignement;PARIS 15E ARRDT;54;;AVENUE DE SAXE;000202002;Platane;Platanus;x hispanica;;140;15;Adulte;NON;48.84682532059835,2.3121750249332247
104779;Arbre;Jardin;PARIS 13E ARRDT;Massif central;;SQUARE RENE LE GALL / 1 RUE EMILE DESLANDRES;000401031;Troene;Ligustrum;lucidum;;105;6;;NON;48.83278094904092,2.349616862890899
119078;Arbre;Jardin;PARIS 12E ARRDT;Toul / Bizot;;COULEE VERTE RENE DUMONT - PROMENADE DE LA RUE DU SAHEL / 11-31 RUE DU SAHEL;000201001;Tilleul;Tilia;platyphyllos;;16;6;;NON;48.84101555397248,2.402394273829889
134287;Arbre;Jardin;PARIS 15E ARRDT;;;PARC OMNISPORT SUZANNE LENGLEN / 7 BOULEVARD DES FRERES VOISIN;000602071;Tilleul;Tilia;platyphyllos;;88;0;;;48.82903645616022,2.2677942926608825
135699;Arbre;Jardin;PARIS 17E ARRDT;;;TALUS PORTE MAILLOT 59B / 13 RUE GUSTAVE CHARPENTIER;000102004;Tilleul;Tilia;tomentosa;;85;10;Adulte;NON;48.88071773035784,2.2813258514824932
153624;Arbre;CIMETIERE;SEINE-SAINT-DENIS;;;CIMETIERE DE PANTIN / AVENUE TRANSVERSALE / DIV 92;A14800092014;Faux-cyprès;Chamaecyparis;n. sp.;;150;9;;;48.90620766372957,2.4139975638448727
158582;Arbre;CIMETIERE;SEINE-SAINT-DENIS;;;CIMETIERE DE PANTIN / AVENUE DES GARDES / DIV 3;A05900003003;Fevier;Gleditsia;triacanthos f. Inermis;;0;0;;NON;48.90772087245313,2.4005456407008845
190779;Arbre;DFPE;PARIS 19E ARRDT;;;VERDUN (1B PASSAGE);19410006;Cerisier à fleurs;Prunus;serrulata;;45;5;Jeune (arbre);NON;48.88811511658692,2.38162475403688
194215;Arbre;PERIPHERIQUE;PARIS 12E ARRDT;;;TALUS N°35-15;093515003;Marronnier;Aesculus;pavia;;110;10;;;48.828489681071524,2.391031125560546
260485;Arbre;Alignement;PARIS 17E ARRDT;;;AVENUE DE WAGRAM;001002001;Cedrele;Toona;sinensis;;72;7;Adulte;NON;48.879712912772185,2.2994855870572883
269191;Arbre;Alignement;PARIS 11E ARRDT;29;;RUE DU CHEMIN VERT;000501007;Frêne;Fraxinus;excelsior;''Diversifolia'';20;5;;NON;48.858679317636536,2.3733533024472897
300524;Arbre;Alignement;PARIS 13E ARRDT;;;BOULEVARD DU GENERAL JEAN SIMON;000101020;Platane;Platanus;occidentalis;;20;5;;NON;48.82630168541081,2.3837369949822027
250096;Arbre;Alignement;PARIS 19E ARRDT;25;;AVENUE DE LAUMIERE;000101014;Paulownia;Paulownia;tomentosa;;25;5;Jeune (arbre);NON;48.88365241365345,2.380616961735226
294698;Arbre;Alignement;PARIS 5E ARRDT;84;;BOULEVARD SAINT MARCEL;001004010;Cedrele;Toona;sinensis;''Flamingo'';20;6;Jeune (arbre);NON;48.8373007772316,2.3529909746911053
288911;Arbre;Alignement;PARIS 12E ARRDT;1;;AVENUE VINCENT D INDY;000101001;Tilleul;Tilia;tomentosa;;40;5;Jeune (arbre)Adulte;NON;48.84248694678979,2.4114385686207056
295871;Arbre;Alignement;PARIS 13E ARRDT;;;RUE DU CHATEAU DES RENTIERS;001501012;Erable;Acer;platanoides;;55;8;Jeune (arbre)Adulte;NON;48.82957624294102,2.363662115308498
301381;Arbre;Alignement;PARIS 13E ARRDT;;;RUE JEANNE D ARC;000802015;Erable;Acer;n. sp.;;90;8;Adulte;NON;48.83291807679392,2.3643449939868297
210509;Arbre;Alignement;PARIS 13E ARRDT;8;;RUE NATIONALE;000202009;Mûrier;Broussonetia;papyrifera;;35;6;Jeune (arbre);NON;48.82244112300707,2.3690335163888587
2022215;Arbre;Jardin;PARIS 14E ARRDT;Lisière Gazan / Cité Universitaire;;PARC MONTSOURIS / 28 BOULEVARD JOURDAN;0205C2007;Poirier à fruits;Pyrus;communis;''Bon chrétien Williams'';11;2;Jeune (arbre);NON;48.822908629824255,2.3401637813376195
2027406;Arbre;Alignement;PARIS 17E ARRDT;;;RUE PIERRE REBIERE;000201004;Erable;Acer;campestre;;38;5;Jeune (arbre);NON;48.89876099035424,2.3211053989762913
2030080;Arbre;Jardin;PARIS 11E ARRDT;;;JARDIN DE L IMPASSE TRUILLOT / 66 BOULEVARD RICHARD LENOIR;000301001;Poirier à fleurs;Pyrus;calleryana;''Chanticleer'';30;5;Jeune (arbre);NON;48.86066483493447,2.3749617091314885
282262;Arbre;Alignement;PARIS 17E ARRDT;N°2;;RUE BROCHANT;000202001;Sophora;Sophora;japonica;''Regent'';25;5;Jeune (arbre);NON;48.888033271239095,2.3168841718159956
106731;Arbre;Jardin;PARIS 7E ARRDT;Canton 09;;JARDIN DU CHAMP DE MARS ET PELOUSES DE L ECOLE MILITAIRE / AVENUE DU GENERAL MARGUERITE;A00902003;Platane;Platanus;x hispanica;;71;12;Adulte;NON;48.85601798959503,2.299841434772217
112813;Arbre;Jardin;PARIS 13E ARRDT;;;JARDIN JAMES JOYCE / 7 RUE GEORGE BALANCHINE;000102002;Pommier à fleurs;Malus;floribunda;;60;6;;NON;48.835994746447035,2.3731425611727164
112963;Arbre;Jardin;PARIS 15E ARRDT;;;SQUARE DE LA PLACE ADOLPHE CHERIOUX / 260 RUE DE VAUGIRARD;000103001;Paulownia;Paulownia;tomentosa;;115;12;Adulte;NON;48.840127095653216,2.3005898948536045
119524;Arbre;Jardin;PARIS 18E ARRDT;;;JARDIN RACHMANINOV / 16 RUE TRISTAN TZARA;000303011;Charme;Carpinus;betulus;;45;15;Jeune (arbre)Adulte;NON;48.89512468212942,2.364585363946995
124692;Arbre;Jardin;PARIS 12E ARRDT;;;SQUARE EMILE COHL / 2 RUE JULES LEMAITRE;000102006;Arbre aux quarante écus;Ginkgo;biloba;;90;10;Jeune (arbre)Adulte;NON;48.84228593877536,2.4105359016519765
134022;Arbre;Jardin;PARIS 15E ARRDT;;;JARDIN DES CEVENNES / 3 RUE CAUCHY;000108003;Pin;Pinus;wallichiana;;0;0;;NON;48.843519812190536,2.2758058267347008
149371;Arbre;CIMETIERE;SEINE-SAINT-DENIS;;;CIMETIERE DE PANTIN / AVENUE PRINCIPALE / DIV 84;A14000084011;Marronnier;Aesculus;hippocastanum;;180;20;Adulte;NON;48.90361284255169,2.40988558539897
261770;Arbre;Alignement;PARIS 6E ARRDT;8;;AVENUE DE L OBSERVATOIRE;000202005;Marronnier;Aesculus;hippocastanum;;50;6;Jeune (arbre);NON;48.842260232968655,2.336426290056717
301470;Arbre;Alignement;PARIS 13E ARRDT;;;AVENUE D ITALIE;000802008;Tulipier;Liriodendron;tulipifera;;95;12;Adulte;NON;48.825257121389846,2.3573423872399957
2011382;Arbre;Jardin;BOIS DE VINCENNES;;;PARC FLORAL DE PARIS / ROUTE DE LA PYRAMIDE;00180082;Frêne à fleurs;Fraxinus;ornus;;20;6;Jeune (arbre);NON;48.834707441147565,2.445032665099838
2019835;Arbre;DASCO;PARIS 10E ARRDT;;;ECOLE ELEMENTAIRE / 34 RUE DU FAUBOURG ST DENIS;101602002;Poirier à fruits;Pyrus;communis;''Doyenné du Comice'' COMICE;10;2;;NON;48.87112235960163,2.353795136466772
206093;Arbre;Alignement;PARIS 14E ARRDT;21;;RUE HALLE;000701005;Marronnier;Aesculus;hippocastanum;;160;10;Adulte;NON;48.83060746834709,2.3324584323355766
223133;Arbre;Alignement;PARIS 7E ARRDT;face 231;;BOULEVARD SAINT GERMAIN;005802008;Platane;Platanus;x hispanica;;80;12;Jeune (arbre)Adulte;NON;48.8597534885708,2.3220980067998993
246937;Arbre;Alignement;PARIS 14E ARRDT;;;BOULEVARD SAINT JACQUES;000705018;Platane;Platanus;x hispanica;;75;8;Jeune (arbre)Adulte;NON;48.833398363119,2.3344461163243433
247463;Arbre;Alignement;PARIS 14E ARRDT;;;AVENUE DE LA PORTE DE CHATILLON;000101007;Platane;Platanus;x hispanica;;265;12;Mature;NON;48.824001486300006,2.3182830389107223
108144;Arbre;Jardin;PARIS 7E ARRDT;Canton 03;;JARDIN DU CHAMP DE MARS ET PELOUSES DE L ECOLE MILITAIRE / ALLEE JEAN PAULHAN;A00302008;Tilleul;Tilia;n. sp.;;139;15;Adulte;NON;48.85937749646334,2.2952834367708483
111772;Arbre;Jardin;PARIS 15E ARRDT;;;SQUARE SAINT LAMBERT / 2 RUE JEAN FORMIGE;000101029;Platane;Platanus;x hispanica;;205;17;;NON;48.84254521023799,2.295603706057278
138514;Arbre;Jardin;PARIS 13E ARRDT;;;JARDIN BRASSAI / 2 RUE EUGENE ATGET;00000086;Bouleau;Betula;pendula;''Laciniata'';60;0;;;48.82889974466757,2.349378811102915
150752;Arbre;CIMETIERE;SEINE-SAINT-DENIS;;;CIMETIERE DE PANTIN / AVENUE DES MARRONNIERS A FLEURS DOUBLES / DIV 51;A06400051010;Marronnier;Aesculus;hippocastanum;''Baumannii'';0;0;;;48.906686448527914,2.4107956902439764
159203;Arbre;CIMETIERE;PARIS 14E ARRDT;;;CIMETIERE DE MONTPARNASSE GRAND / DIV 1;D00000001005;Noyer;Juglans;nigra;;80;9;Jeune (arbre)Adulte;NON;48.83766651562917,2.326127577785962
298361;Arbre;Alignement;PARIS 13E ARRDT;;;RUE PINEL;000202001;Platane;Platanus;x hispanica;;35;6;Jeune (arbre);NON;48.8337425415279,2.360608389616777
300287;Arbre;Alignement;PARIS 13E ARRDT;;;BOULEVARD MASSENA;000802005;Platane;Platanus;orientalis;;155;20;Adulte;NON;48.821181549583855,2.367662157890649
2006229;Arbre;Alignement;BOIS DE VINCENNES;;;ROUTE DAUPHINE;001002027;Tilleul;Tilia;platyphyllos;;100;12;Jeune (arbre)Adulte;NON;48.83306341542535,2.4385324282975063
2008514;Arbre;Alignement;PARIS 19E ARRDT;;;BOULEVARD MACDONALD;000404007;Platane;Platanus;x hispanica;;35;5;;NON;48.897522167004865,2.391202271732454
2014604;Arbre;Jardin;BOIS DE VINCENNES;;;PARC FLORAL DE PARIS / ROUTE DE LA PYRAMIDE;00240111;Erable;Acer;campestre;;0;0;;NON;48.83669143106443,2.447716515426565
249530;Arbre;Alignement;PARIS 15E ARRDT;151;;BOULEVARD LEFEBVRE;000701022;Platane;Platanus;x hispanica;;105;12;Adulte;NON;48.828959967932406,2.2999724874021643
270570;Arbre;Alignement;PARIS 4E ARRDT;;;PARVIS NOTRE DAME - PLACE JEAN PAUL II;000202002;Marronnier;Aesculus;n. sp.;;25;5;Jeune (arbre);NON;48.854040842641695,2.3476178148480304
2029461;Arbre;DASCO;PARIS 12E ARRDT;;;ECOLE MATERNELLE / 13 AVENUE ARMAND ROUSSEAU;057302013;Houx;Ilex;aquifolium;;30;5;Jeune (arbre)Adulte;NON;48.836335164797156,2.408585151817033
205831;Arbre;Alignement;PARIS 8E ARRDT;;;COURS ALBERT 1ER;000105046;Marronnier;Aesculus;hippocastanum;;190;25;Adulte;NON;48.86443173111926,2.3067927763771623
210693;Arbre;Alignement;PARIS 12E ARRDT;;;PLACE MAZAS;000202003;Charme;Carpinus;betulus;''Fastigiata'';105;5;Adulte;NON;48.84518144027685,2.3673620353401823
222711;Arbre;Alignement;PARIS 20E ARRDT;266;;RUE DES PYRENEES;002802036;Platane;Platanus;x hispanica;;60;10;Jeune (arbre)Adulte;NON;48.869663763071955,2.394839218690062
240194;Arbre;Alignement;PARIS 14E ARRDT;;;BOULEVARD BRUNE;000501036;Platane;Platanus;x hispanica;;80;10;Jeune (arbre);NON;48.82660997976233,2.3108772320856743
107292;Arbre;Jardin;PARIS 7E ARRDT;Canton 07;;JARDIN DU CHAMP DE MARS ET PELOUSES DE L ECOLE MILITAIRE / PLACE JACQUES RUEFF;A00702010;Sophora;Sophora;japonica;;59;9;Adulte;NON;48.85534488565461,2.2981377290091367
109668;Arbre;Alignement;PARIS 1ER ARRDT;;;RUE DE TURBIGO;000202010;Erable;Acer;n. sp.;;75;10;;NON;48.86344774538077,2.347436358866766
146608;Arbre;CIMETIERE;SEINE-SAINT-DENIS;;;CIMETIERE DE PANTIN / AVENUE DES ERABLES POURPRE / DIV 94;A05300094008;Erable;Acer;pseudoplatanus;''Atropurpureum'';0;0;;;48.90506860524517,2.412466926686556
147896;Arbre;CIMETIERE;SEINE-SAINT-DENIS;;;CIMETIERE DE SAINT-OUEN NOUV / AVENUE DE L''EST / DIV 10;A02000010006;Marronnier;Aesculus;hippocastanum;;178;14;Adulte;NON;48.906706851438265,2.3502797274625724
148412;Arbre;CIMETIERE;PARIS 17E ARRDT;;;CIMETIERE DES BATIGNOLLES / AVENUE LATERALE / DIV 29;A12600029005;Marronnier;Aesculus;hippocastanum;;190;16;Adulte;NON;48.89841908087108,2.3186623910659208
191632;Arbre;PERIPHERIQUE;PARIS 16E ARRDT;;;TALUS N°12-01;091201092;Ailante;Ailanthus;altissima;;40;5;;;48.84825404470322,2.2546463165000854
194775;Arbre;PERIPHERIQUE;PARIS 15E ARRDT;;;TALUS N°09-19;090919008;Peuplier;Populus;alba;''Pyramidalis'';30;5;;NON;48.83583753271123,2.2690455041754256
295879;Arbre;Alignement;PARIS 13E ARRDT;;;RUE DU CHATEAU DES RENTIERS;001501010;Erable;Acer;platanoides;;55;6;Jeune (arbre)Adulte;NON;48.829492307556656,2.363867241409955
296755;Arbre;Alignement;PARIS 8E ARRDT;;;AVENUE DES CHAMPS ELYSEES;000206052;Marronnier;Aesculus;hippocastanum;;98;14;Adulte;NON;48.867408488793544,2.316200741438352
2001308;Arbre;Alignement;BOIS DE BOULOGNE;;;ALLEE DE LA REINE MARGUERITE;000602008;Marronnier;Aesculus;hippocastanum;''Baumannii'';80;12;Adulte;NON;48.860816510442106,2.2462517190401146
2004493;Arbre;Alignement;BOIS DE VINCENNES;;;AVENUE DAUMESNIL;000402043;Marronnier;Aesculus;hippocastanum;;140;13;Jeune (arbre);NON;48.83451543235126,2.418640630739937
2017509;Arbre;Jardin;PARIS 19E ARRDT;;;PROMENADE AMALIA RODRIGUES / 9 RUE DES MARCHAIS;0103096;Pin;Pinus;nigra subsp. nigra;;40;0;;NON;48.881853991310194,2.4010417148767087
2026351;Arbre;Jardin;PARIS 14E ARRDT;Massif 13 / côté Boulevard;;JARDIN ANNA MARLY / 13 RUE JULIA BARTET;000501060;Chêne;Quercus;pubescens;;45;5;Jeune (arbre);NON;48.824839638502645,2.303439687668027
242121;Arbre;Alignement;PARIS 20E ARRDT;201;;AVENUE GAMBETTA;002701016;Tilleul;Tilia;tomentosa;;95;10;Adulte;NON;48.8727912425276,2.4047224828412483
107513;Arbre;Jardin;PARIS 7E ARRDT;Canton 09;;JARDIN DU CHAMP DE MARS ET PELOUSES DE L ECOLE MILITAIRE / ALLEE ADRIENNE LECOUVREUR;A00902026;Tilleul;Tilia;n. sp.;;20;5;;NON;48.85551389922784,2.301289131963125
143449;Arbre;CIMETIERE;PARIS 14E ARRDT;;;CIMETIERE DE MONTPARNASSE GRAND / ALLEE CHAUVEAU-LAGARDE / DIV 2;A00100002009;Erable;Acer;pseudoplatanus;;115;14;;;48.83841056517521,2.3273535044277742
163161;Arbre;CIMETIERE;HAUTS-DE-SEINE;;;CIMETIERE DE BAGNEUX / AVENUE PRINCIPALE / DIV 44;A14000044009;Platane;Platanus;x hispanica;;0;0;;NON;48.80701204809813,2.3095091141955537
170657;Arbre;CIMETIERE;SEINE-SAINT-DENIS;;;CIMETIERE DE PANTIN / AVENUE DE BOBIGNY / DIV F45;A01900F45007;Tilleul;Tilia;x europaea;''Pallida'';70;8;;;48.91032379411208,2.414670904213977
277474;Arbre;Alignement;PARIS 7E ARRDT;1;;AVENUE DE LOWENDAL;000101002;Erable;Acer;platanoides;''Crimson King'';20;5;Jeune (arbre);NON;48.85371875505566,2.310194202956035
257480;Arbre;Alignement;PARIS 20E ARRDT;112-114;;RUE DES COURONNES;000802001;Peuplier;Populus;nigra;''Italica'';170;20;Adulte;NON;48.8713470480913,2.3890302912493837
270692;Arbre;Alignement;PARIS 4E ARRDT;;;BOULEVARD DE SEBASTOPOL;000802005;Platane;Platanus;x hispanica;;60;10;Jeune (arbre)Adulte;NON;48.859801505730225,2.349056856970417
2006506;Arbre;Alignement;BOIS DE VINCENNES;;;ROUTE DE BOURBON;000402037;Tilleul;Tilia;platyphyllos;;105;12;Adulte;NON;48.83049855781978,2.4445169382032628
205455;Arbre;Alignement;PARIS 12E ARRDT;35;;BOULEVARD CARNOT;000301004;Marronnier;Aesculus;hippocastanum;;20;5;;NON;48.84352192844024,2.41306996263854
113440;Arbre;Jardin;PARIS 14E ARRDT;Bordure RER Est;;PARC MONTSOURIS / 28 BOULEVARD JOURDAN;052702018;Pin;Pinus;nigra;;126;20;Adulte;NON;48.822097338145944,2.3386876229410953
120634;Arbre;Jardin;PARIS 18E ARRDT;Le Parvis du Sacré-Coeur;;SQUARE LOUISE MICHEL / 6 PLACE SAINT PIERRE;000301011;Robinier;Robinia;pseudoacacia;''Umbraculifera'';43;4;Jeune (arbre)Adulte;NON;48.886061960233754,2.342793545937164
147624;Arbre;CIMETIERE;PARIS 20E ARRDT;;;CIMETIERE DU PERE LACHAISE / DIV 7;D00000007016;Marronnier;Aesculus;hippocastanum;;100;10;Adulte;NON;48.85903556732293,2.391421989018486
153262;Arbre;CIMETIERE;SEINE-SAINT-DENIS;;;CIMETIERE DE PANTIN / AVENUE DES ACACIAS COMMUNS / DIV 114;A04000114007;Micocoulier;Celtis;australis;;0;0;;;48.90158768800389,2.410369104126907
160703;Arbre;CIMETIERE;SEINE-SAINT-DENIS;;;CIMETIERE DE PANTIN / AVENUE DES PLATANES / DIV 67;A08000067009;Platane;Platanus;x hispanica;;0;0;;;48.90566235076984,2.41091540961828
192422;Arbre;PERIPHERIQUE;PARIS 13E ARRDT;;;TALUS N°03-03;090303003;Chêne;Quercus;n. sp.;;30;5;;;48.817080592168864,2.348228351492218
258877;Arbre;Alignement;PARIS 15E ARRDT;N°6;;RUE DES QUATRE FRERES PEIGNOT;000202003;Pterocarya;Pterocarya;fraxinifolia;;110;10;Adulte;NON;48.847379503863294,2.2838425997976652
285897;Arbre;Alignement;PARIS 10E ARRDT;;;AVENUE CLAUDE VELLEFAUX;000602008;Poirier à fleurs;Pyrus;calleryana;''Chanticleer'';55;10;Adulte;NON;48.875748749917186,2.370415836939963
297039;Arbre;Alignement;PARIS 8E ARRDT;;;AVENUE DES CHAMPS ELYSEES;000210001;Marronnier;Aesculus;hippocastanum;;119;16;Adulte;NON;48.8664209638688,2.3196318837704575
299709;Arbre;Alignement;PARIS 13E ARRDT;;;AVENUE D IVRY;000101007;Marronnier;Aesculus;hippocastanum;''Baumannii'';85;8;Jeune (arbre)Adulte;NON;48.82189472033918,2.368412645233365
2006974;Arbre;Alignement;BOIS DE VINCENNES;;;ROUTE ROYALE DE BEAUTE;000301022;Platane;Platanus;x hispanica;;200;22;Adulte;NON;48.83495861849443,2.435514399442802
229864;Arbre;Jardin;PARIS 13E ARRDT;;;JARDIN DE L ESPLANADE DES GRANDS MOULINS / 8 RUE MARGUERITE DURAS;000103016;Chêne;Quercus;rubra;;20;5;;NON;48.82926056168012,2.3807800313470655
241989;Arbre;Alignement;PARIS 19E ARRDT;;;AVENUE SIMON BOLIVAR;000701008;Platane;Platanus;orientalis;;100;20;Adulte;NON;48.87628638329165,2.3757639894933376
242015;Arbre;Alignement;PARIS 20E ARRDT;F81;;RUE SAINT FARGEAU;000602007;Micocoulier;Celtis;australis;;100;8;Adulte;NON;48.87241376151547,2.407024661716341
156869;Arbre;CIMETIERE;HAUTS-DE-SEINE;;;CIMETIERE DE BAGNEUX / AVENUE DE LA FRENAIE / DIV 82;A02700082004;Frêne;Fraxinus;excelsior;;0;0;;;48.803239506078015,2.3085544819927835
250589;Arbre;Alignement;PARIS 19E ARRDT;;;RUE SIGMUND FREUD;000101019;Sophora;Sophora;japonica;;150;20;Adulte;NON;48.88342520691098,2.4002556213808717
261746;Arbre;Alignement;PARIS 6E ARRDT;;;BOULEVARD DU MONTPARNASSE;000101008;Platane;Platanus;x hispanica;;50;9;Jeune (arbre)Adulte;NON;48.84620776965575,2.318073716872784
269813;Arbre;Alignement;PARIS 12E ARRDT;;;AVENUE DAUMESNIL;005404012;Platane;Platanus;x hispanica;;230;20;Adulte;NON;48.83617567775799,2.4044228577310034
270783;Arbre;Alignement;PARIS 4E ARRDT;;;BOULEVARD HENRI IV;000701010;Platane;Platanus;x hispanica;;130;15;Adulte;NON;48.85189241742284,2.364654540464032
273441;Arbre;Alignement;PARIS 18E ARRDT;;;RUE MARX DORMOY;000402012;Tilleul;Tilia;x europaea;''Euchlora'';62;8;Jeune (arbre)Adulte;NON;48.888561546663404,2.359993013805082
299685;Arbre;Alignement;PARIS 13E ARRDT;;;QUAI FRANCOIS MAURIAC;000202017;Platane;Platanus;occidentalis;;207;15;Adulte;NON;48.83345588314947,2.378368173985129
286215;Arbre;Alignement;PARIS 10E ARRDT;162;;RUE DU FAUBOURG SAINT MARTIN;002002007;Charme;Carpinus;betulus;''Fastigiata'';20;5;;NON;48.87676331616381,2.3611021101232033
223593;Arbre;Alignement;PARIS 7E ARRDT;44;;BOULEVARD RASPAIL;000501003;Platane;Platanus;x hispanica;;140;15;Adulte;NON;48.8521578106025,2.3266453920902728
119999;Arbre;Jardin;PARIS 18E ARRDT;;;SQUARE DE LEON SERPOLLET;00000125;Charme;Carpinus;betulus;;80;8;Jeune (arbre)Adulte;NON;48.89242110815274,2.3381170606956734
130299;Arbre;Jardin;PARIS 15E ARRDT;;;PARC ANDRE CITROEN;00080135;Frêne à fleurs;Fraxinus;ornus;;0;0;;;48.842955017350896,2.2743335930423
2004560;Arbre;Alignement;BOIS DE VINCENNES;;;AVENUE DAUMESNIL;000602060;Marronnier;Aesculus;hippocastanum;;20;5;;NON;48.838143343064715,2.4266422499793547
2018573;Arbre;Jardin;PARIS 19E ARRDT;;;JARDIN CURIAL - CITE MICHELET / 94 RUE CURIAL;000102006;Poirier à fleurs;Pyrus;calleryana;''Chanticleer'';0;0;;NON;48.89577248022052,2.3770158050404904
2038110;Arbre;Jardin;PARIS 17E ARRDT;;;PROMENADE PEREIRE TERNES-GUERSANT / 192-210 BOULEVARD PEREIRE;000001002;Pommier à fruits;Malus;domestica;''Faros'';16;2;;NON;48.88084353228683,2.28957297073612
219098;Arbre;Alignement;PARIS 15E ARRDT;68;;AVENUE DE SAXE;000202024;Platane;Platanus;x hispanica;;150;15;Adulte;NON;48.845995936597426,2.313466748891656
137955;Arbre;Jardin;PARIS 18E ARRDT;;;JARDIN NATUREL ET SAUVAGE SAINT-VINCENT;00000027;Erable;Acer;pseudoplatanus;;96;18;Adulte;NON;48.88824292496414,2.341463954504036
141097;Arbre;CIMETIERE;PARIS 20E ARRDT;;;CIMETIERE DU PERE LACHAISE / DIV 20;D00000020003;Erable;Acer;platanoides;;120;14;Adulte;NON;48.86069846535285,2.393265816913665
158658;Arbre;CIMETIERE;PARIS 20E ARRDT;;;CIMETIERE DU PERE LACHAISE / DIV 30;D00000030013;Houx;Ilex;aquifolium;;70;5;Jeune (arbre);NON;48.8589817827465,2.3950520632409913
290696;Arbre;Alignement;PARIS 12E ARRDT;110;;RUE DE REUILLY;001604006;Platane;Platanus;x hispanica;;35;5;Jeune (arbre)Adulte;NON;48.84060561063502,2.394292727029289
2021208;Arbre;Alignement;PARIS 1ER ARRDT;43;;RUE BERGER;000901003;Tilleul;Tilia;x europaea;''Pallida'';30;5;Jeune (arbre);NON;48.86206236371926,2.342904680330363
2025996;Arbre;Jardin;PARIS 1ER ARRDT;Le Parvis - Passage de la Canopée;;JARDIN NELSON MANDELA / 32 RUE BERGER;G00101001;Fevier;Gleditsia;triacanthos;;80;10;Jeune (arbre)Adulte;NON;48.86240938724242,2.346427801926175
238850;Arbre;Alignement;PARIS 11E ARRDT;102;;BOULEVARD BEAUMARCHAIS;000802019;Orme de Sibérie;Zelkova;serrata;;20;5;;NON;48.860495418334985,2.3674991461062334
110626;Arbre;Jardin;PARIS 15E ARRDT;;;PARC GEORGES BRASSENS / 2 PLACE JACQUES MARETTE;000A0392;Pin;Pinus;nigra;;105;13;;;48.83160503185633,2.297953875045927
118779;Arbre;Jardin;PARIS 7E ARRDT;;;SQUARE BOUCICAUT;00000020;Platane;Platanus;x hispanica;;208;15;;;48.85122874617673,2.3261723380769332
119034;Arbre;Jardin;PARIS 12E ARRDT;;;SQUARE TROUSSEAU / 6 RUE ANTOINE VOLLON;000203007;Tilleul;Tilia;cordata;;140;16;Adulte;NON;48.850433226430866,2.3769634436462517
152066;Arbre;CIMETIERE;SEINE-SAINT-DENIS;;;CIMETIERE DE PANTIN / DIV 2040;D00002040111;Charme;Carpinus;betulus;''Fastigiata'';0;0;;;48.90958664871351,2.4098346227951164
161036;Arbre;CIMETIERE;VAL-DE-MARNE;;;CIMETIERE DE THIAIS / AVENUE CENTRALE / DIV 31;A01300031007;Platane;Platanus;orientalis;;220;18;Mature;NON;48.763462620434474,2.3750025798627203
201533;Arbre;DJS;PARIS 16E ARRDT;;;STADE FRANCAIS OMNISPORTS GEO ANDRE / 2 RUE DU COMMANDANT GUILBAUD;01140027;Tilleul;Tilia;platyphyllos;;70;5;Jeune (arbre)Adulte;NON;48.8400270597756,2.252035876374368
274811;Arbre;Alignement;PARIS 2E ARRDT;f4;;RUE SAINT SPIRE;000101004;Platane;Platanus;x hispanica;;60;10;Adulte;NON;48.86837496136787,2.350247839082856
291827;Arbre;Alignement;PARIS 13E ARRDT;157;;RUE DE TOLBIAC;002901008;Sophora;Sophora;japonica;;85;15;Adulte;NON;48.826084520697734,2.356379253622113
297482;Arbre;Alignement;PARIS 8E ARRDT;;;AVENUE DES CHAMPS ELYSEES;000410011;Marronnier;Aesculus;hippocastanum;;102;11;Adulte;NON;48.86840306219328,2.31339905793538
2008538;Arbre;Alignement;PARIS 19E ARRDT;;;BOULEVARD MACDONALD;000101025;Platane;Platanus;x hispanica;;35;5;;NON;48.897263107601106,2.3901711918062234
2012265;Arbre;Jardin;BOIS DE VINCENNES;;;INSEP / AVENUE DU TREMBLAY;00050045;Magnolia;Magnolia;grandiflora;;30;3;Jeune (arbre);NON;48.83316839434338,2.4538726643132462
211182;Arbre;Alignement;PARIS 19E ARRDT;;;DECORATION DU ROND POINT PORTE DE LA VILLETTE / PLACE AUGUSTE BARON;000202004;Catalpa;Catalpa;bignonioides;;20;5;;NON;48.90075628908716,2.387813827318923
212988;Arbre;Alignement;PARIS 19E ARRDT;;;RUE ANDRE DANJON;000101004;Noisetier de Byzance;Corylus;colurna;;95;15;Adulte;NON;48.88471929158743,2.384524816683592
232480;Arbre;Alignement;PARIS 19E ARRDT;;;RUE EMILE BOLLAERT;000901004;Sophora;Sophora;japonica;;110;15;Adulte;NON;48.899678614038486,2.371748177170756
134802;Arbre;Jardin;PARIS 16E ARRDT;;;SQUARE DES ECRIVAINS MORT POUR LA FRANCE;00000019;Mûrier;Morus;alba;''Pendula'';100;2;Adulte;NON;48.859718530283146,2.2655584225881626
161488;Arbre;CIMETIERE;VAL-DE-MARNE;;;CIMETIERE D''IVRY / AVENUE DU NORD / DIV 46;A09800046024;Platane;Platanus;orientalis;;263;25;Mature;NON;48.815084550590434,2.367892076389838
190826;Arbre;DASCO;PARIS 3E ARRDT;;;ECOLE MATERNELLE / 6 RUE PAUL DUBOIS;079201001;Marronnier;Aesculus;hippocastanum;;140;13;Adulte;NON;48.865307124213366,2.3616122326244366
249348;Arbre;Alignement;PARIS 20E ARRDT;3;;PLACE GAMBETTA;000101003;Fevier;Gleditsia;triacanthos f. Inermis;;18;3;Jeune (arbre);NON;48.86462864347245,2.39840681431603
250284;Arbre;Alignement;PARIS 19E ARRDT;;;RUE MANIN;001402020;Platane;Platanus;x hispanica;;185;20;Mature;NON;48.8861781048872,2.393900332573629
208336;Arbre;Alignement;PARIS 13E ARRDT;;;BOULEVARD ARAGO;000204015;Marronnier;Aesculus;hippocastanum;''Baumannii'';55;6;Jeune (arbre)Adulte;NON;48.8363789996634,2.350091438964123
117584;Arbre;Jardin;PARIS 11E ARRDT;;;PROMENADE RICHARD LENOIR - SQUARE RICHARD LENOIR / 35 BOULEVARD RICHARD LENOIR;000203007;Sophora;Sophora;japonica;;130;15;Adulte;NON;48.859619085609026,2.3721684498945237
132303;Arbre;Jardin;PARIS 5E ARRDT;;;JARDIN TINO ROSSI / 2B QUAI SAINT BERNARD;000205011;Platane;Platanus;x hispanica;;37;7;;NON;48.847255691556214,2.3608809291893884
164973;Arbre;CIMETIERE;SEINE-SAINT-DENIS;;;CIMETIERE DE PANTIN / AVENUE DES MERISIERS / DIV 85;A06700085008;Cerisier à fleurs;Prunus;serrulata;''Kanzan'';0;0;;;48.902611163206195,2.4087561885673137
290166;Arbre;Alignement;PARIS 12E ARRDT;;;AVENUE LEDRU ROLLIN;001101002;Platane;Platanus;x hispanica;;60;10;Jeune (arbre)Adulte;NON;48.84981360646794,2.3743969160083247
2011361;Arbre;Jardin;BOIS DE VINCENNES;;;PARC FLORAL DE PARIS / ROUTE DE LA PYRAMIDE;00090001;Hêtre;Fagus;sylvatica;;130;17;Adulte;NON;48.839583724984585,2.4401815240884126
2013472;Arbre;Jardin;BOIS DE VINCENNES;;;INSEP / AVENUE DU TREMBLAY;00160033;Chêne;Quercus;n. sp.;;70;12;Adulte;NON;48.83359091769798,2.4474447642737496
245921;Arbre;Alignement;PARIS 14E ARRDT;25;;BOULEVARD EDGAR QUINET;000503003;Sophora;Sophora;japonica;''Regent'';20;5;;NON;48.84154368016419,2.3232314123881794
204221;Arbre;Alignement;PARIS 14E ARRDT;;;RUE FROIDEVAUX;000201009;Erable;Acer;pseudoplatanus;;60;6;Jeune (arbre);NON;48.835265209508236,2.3295625611007384
104403;Arbre;Jardin;PARIS 19E ARRDT;;;PARC DES BUTTES CHAUMONT;C0180057;Erable;Acer;campestre;;30;5;;;48.879755858389615,2.386092346438686
127923;Arbre;Jardin;PARIS 19E ARRDT;;;SQUARE DE LA BUTTE DU CHAPEAU ROUGE / 11 BOULEVARD D ALGERIE;00000426;Pin;Pinus;nigra subsp. nigra;;126;15;Adulte;NON;48.882564217083434,2.397670052556522
137015;Arbre;Jardin;PARIS 17E ARRDT;;;JARDIN LILY LASKINE;00000023;Mûrier;Morus;alba;;83;5;Adulte;NON;48.88702793296509,2.288183948756822
138608;Arbre;DAC;PARIS 19E ARRDT;Arrêté domanial entretien DEVE;;ARCHIVES DE PARIS / 18 BOULEVARD SERURIER;000101008;Erable;Acer;platanoides;;80;5;Jeune (arbre)Adulte;NON;48.878808941436,2.406192375541639
266481;Arbre;Alignement;PARIS 15E ARRDT;N°82;;AVENUE FELIX FAURE;001202011;Noyer;Juglans;nigra;;60;10;Jeune (arbre)Adulte;NON;48.839734241913234,2.284347406188054